[{"model": "airport.airplane", "pk": 1, "fields": {"number": 1000, "capacity": 68}}, {"model": "airport.airplane", "pk": 2, "fields": {"number": 1001, "capacity": 20}}, {"model": "airport.airplane", "pk": 3, "fields": {"number": 1002, "capacity": 48}}, {"model": "airport.airplane", "pk": 4, "fields": {"number": 1003, "capacity": 53}}, {"model": "airport.airplane", "pk": 5, "fields": {"number": 1004, "capacity": 102}}, {"model": "airport.airplane", "pk": 6, "fields": {"number": 1005, "capacity": 86}}, {"model": "airport.airplane", "pk": 7, "fields": {"number": 1006, "capacity": 92}}, {"model": "airport.airplane", "pk": 8, "fields": {"number": 1007, "capacity": 30}}, {"model": "airport.airplane", "pk": 9, "fields": {"number": 1008, "capacity": 21}}, {"model": "airport.airplane", "pk": 10, "fields": {"number": 1009, "capacity": 44}}, {"model": "airport.airplane", "pk": 11, "fields": {"number": 1010, "capacity": 71}}, {"model": "airport.airplane", "pk": 12, "fields": {"number": 1011, "capacity": 27}}, {"model": "airport.airplane", "pk": 13, "fields": {"number": 1012, "capacity": 59}}, {"model": "airport.airplane", "pk": 14, "fields": {"number": 1013, "capacity": 53}}, {"model": "airport.airplane", "pk": 15, "fields": {"number": 1014, "capacity": 116}}, {"model": "airport.airplane", "pk": 16, "fields": {"number": 1015, "capacity": 24}}, {"model": "airport.airplane", "pk": 17, "fields": {"number": 1016, "capacity": 67}}, {"model": "airport.airplane", "pk": 18, "fields": {"number": 1017, "capacity": 102}}, {"model": "airport.airplane", "pk": 19, "fields": {"number": 1018, "capacity": 114}}, {"model": "airport.airplane", "pk": 20, "fields": {"number": 1019, "capacity": 90}}, {"model": "airport.airplane", "pk": 21, "fields": {"number": 1020, "capacity": 46}}, {"model": "airport.airplane", "pk": 22, "fields": {"number": 1021, "capacity": 54}}, {"model": "airport.airplane", "pk": 23, "fields": {"number": 1022, "capacity": 53}}, {"model": "airport.airplane", "pk": 24, "fields": {"number": 1023, "capacity": 110}}, {"model": "airport.airplane", "pk": 25, "fields": {"number": 1024, "capacity": 55}}, {"model": "airport.airplane", "pk": 26, "fields": {"number": 1025, "capacity": 120}}, {"model": "airport.airplane", "pk": 27, "fields": {"number": 1026, "capacity": 97}}, {"model": "airport.airplane", "pk": 28, "fields": {"number": 1027, "capacity": 93}}, {"model": "airport.airplane", "pk": 29, "fields": {"number": 1028, "capacity": 120}}, {"model": "airport.airplane", "pk": 30, "fields": {"number": 1029, "capacity": 65}}, {"model": "airport.airplane", "pk": 31, "fields": {"number": 1030, "capacity": 42}}, {"model": "airport.airplane", "pk": 32, "fields": {"number": 1031, "capacity": 85}}, {"model": "airport.airplane", "pk": 33, "fields": {"number": 1032, "capacity": 78}}, {"model": "airport.airplane", "pk": 34, "fields": {"number": 1033, "capacity": 49}}, {"model": "airport.airplane", "pk": 35, "fields": {"number": 1034, "capacity": 105}}, {"model": "airport.airplane", "pk": 36, "fields": {"number": 1035, "capacity": 84}}, {"model": "airport.airplane", "pk": 37, "fields": {"number": 1036, "capacity": 68}}, {"model": "airport.airplane", "pk": 38, "fields": {"number": 1037, "capacity": 49}}, {"model": "airport.airplane", "pk": 39, "fields": {"number": 1038, "capacity": 114}}, {"model": "airport.airplane", "pk": 40, "fields": {"number": 1039, "capacity": 28}}, {"model": "airport.airplane", "pk": 41, "fields": {"number": 1040, "capacity": 93}}, {"model": "airport.airplane", "pk": 42, "fields": {"number": 1041, "capacity": 89}}, {"model": "airport.airplane", "pk": 43, "fields": {"number": 1042, "capacity": 79}}, {"model": "airport.airplane", "pk": 44, "fields": {"number": 1043, "capacity": 34}}, {"model": "airport.airplane", "pk": 45, "fields": {"number": 1044, "capacity": 87}}, {"model": "airport.airplane", "pk": 46, "fields": {"number": 1045, "capacity": 61}}, {"model": "airport.airplane", "pk": 47, "fields": {"number": 1046, "capacity": 94}}, {"model": "airport.airplane", "pk": 48, "fields": {"number": 1047, "capacity": 65}}, {"model": "airport.airplane", "pk": 49, "fields": {"number": 1048, "capacity": 28}}, {"model": "airport.airplane", "pk": 50, "fields": {"number": 1049, "capacity": 44}}, {"model": "airport.crew", "pk": 1, "fields": {"captain_first_name": "Marcin", "captain_last_name": "Bigos"}}, {"model": "airport.crew", "pk": 2, "fields": {"captain_first_name": "Eliza", "captain_last_name": "Tenteges"}}, {"model": "airport.crew", "pk": 3, "fields": {"captain_first_name": "Anna", "captain_last_name": "Nicpon"}}, {"model": "airport.crew", "pk": 4, "fields": {"captain_first_name": "Malgorzata", "captain_last_name": "Pomponik"}}, {"model": "airport.crew", "pk": 5, "fields": {"captain_first_name": "Ewelina", "captain_last_name": "Pomponik"}}, {"model": "airport.crew", "pk": 6, "fields": {"captain_first_name": "Marek", "captain_last_name": "Klops"}}, {"model": "airport.crew", "pk": 7, "fields": {"captain_first_name": "Mateusz", "captain_last_name": "Tenteges"}}, {"model": "airport.crew", "pk": 8, "fields": {"captain_first_name": "Janusz", "captain_last_name": "Nicpon"}}, {"model": "airport.crew", "pk": 9, "fields": {"captain_first_name": "Blazej", "captain_last_name": "Kartofel"}}, {"model": "airport.crew", "pk": 10, "fields": {"captain_first_name": "Genowefa", "captain_last_name": "Nicpon"}}, {"model": "airport.crew", "pk": 11, "fields": {"captain_first_name": "Bartlomiej", "captain_last_name": "Radiator"}}, {"model": "airport.crew", "pk": 12, "fields": {"captain_first_name": "Jakub", "captain_last_name": "Tenteges"}}, {"model": "airport.crew", "pk": 13, "fields": {"captain_first_name": "Urszula", "captain_last_name": "Pomidor"}}, {"model": "airport.crew", "pk": 14, "fields": {"captain_first_name": "Waldemar", "captain_last_name": "Rondelek"}}, {"model": "airport.crew", "pk": 15, "fields": {"captain_first_name": "Pawel", "captain_last_name": "Pomidor"}}, {"model": "airport.flight", "pk": 1, "fields": {"airplane": 15, "crew": 1, "source": "Modlin", "destination": "Lodz", "departure_time": "2018-06-07T20:14:24.411Z", "arrival_time": "2018-06-08T15:56:24.411Z"}}, {"model": "airport.flight", "pk": 2, "fields": {"airplane": 28, "crew": 1, "source": "Zamosc", "destination": "Krakow", "departure_time": "2018-06-07T03:16:24.421Z", "arrival_time": "2018-06-07T07:50:24.421Z"}}, {"model": "airport.flight", "pk": 3, "fields": {"airplane": 24, "crew": null, "source": "Opole", "destination": "Targowek", "departure_time": "2018-06-07T19:52:24.428Z", "arrival_time": "2018-06-07T23:38:24.428Z"}}, {"model": "airport.flight", "pk": 4, "fields": {"airplane": 23, "crew": 1, "source": "Lodz", "destination": "Targowek", "departure_time": "2018-06-07T09:30:24.434Z", "arrival_time": "2018-06-07T13:16:24.434Z"}}, {"model": "airport.flight", "pk": 5, "fields": {"airplane": 13, "crew": null, "source": "Wroclaw", "destination": "Radom", "departure_time": "2018-06-07T15:32:24.441Z", "arrival_time": "2018-06-08T10:53:24.441Z"}}, {"model": "airport.flight", "pk": 6, "fields": {"airplane": 11, "crew": null, "source": "Gdansk", "destination": "Modlin", "departure_time": "2018-06-07T15:52:24.450Z", "arrival_time": "2018-06-07T18:46:24.450Z"}}, {"model": "airport.flight", "pk": 7, "fields": {"airplane": 49, "crew": null, "source": "Modlin", "destination": "Krakow", "departure_time": "2018-06-07T02:27:24.461Z", "arrival_time": "2018-06-07T17:41:24.461Z"}}, {"model": "airport.flight", "pk": 8, "fields": {"airplane": 42, "crew": null, "source": "Krakow", "destination": "Radom", "departure_time": "2018-06-07T16:13:24.472Z", "arrival_time": "2018-06-07T20:53:24.472Z"}}, {"model": "airport.flight", "pk": 9, "fields": {"airplane": 20, "crew": null, "source": "Lodz", "destination": "Krakow", "departure_time": "2018-06-07T14:13:24.484Z", "arrival_time": "2018-06-07T19:32:24.484Z"}}, {"model": "airport.flight", "pk": 10, "fields": {"airplane": 20, "crew": null, "source": "Zamosc", "destination": "Bialystok", "departure_time": "2018-06-07T02:45:24.492Z", "arrival_time": "2018-06-07T12:24:24.492Z"}}, {"model": "airport.flight", "pk": 11, "fields": {"airplane": 19, "crew": null, "source": "Bialystok", "destination": "Gdansk", "departure_time": "2018-06-07T11:52:24.499Z", "arrival_time": "2018-06-08T06:23:24.499Z"}}, {"model": "airport.flight", "pk": 12, "fields": {"airplane": 38, "crew": null, "source": "Radom", "destination": "Modlin", "departure_time": "2018-06-07T19:22:24.505Z", "arrival_time": "2018-06-08T16:37:24.505Z"}}, {"model": "airport.flight", "pk": 13, "fields": {"airplane": 33, "crew": null, "source": "Wroclaw", "destination": "Szczecin", "departure_time": "2018-06-07T16:20:24.512Z", "arrival_time": "2018-06-08T10:14:24.512Z"}}, {"model": "airport.flight", "pk": 14, "fields": {"airplane": 13, "crew": null, "source": "Warszawa", "destination": "Zakopane", "departure_time": "2018-06-07T17:33:24.521Z", "arrival_time": "2018-06-08T03:14:24.521Z"}}, {"model": "airport.flight", "pk": 15, "fields": {"airplane": 13, "crew": null, "source": "Opole", "destination": "Radom", "departure_time": "2018-06-07T17:32:24.531Z", "arrival_time": "2018-06-08T09:34:24.531Z"}}, {"model": "airport.flight", "pk": 16, "fields": {"airplane": 26, "crew": null, "source": "Szczecin", "destination": "Wroclaw", "departure_time": "2018-06-07T10:59:24.542Z", "arrival_time": "2018-06-08T07:35:24.542Z"}}, {"model": "airport.flight", "pk": 17, "fields": {"airplane": 30, "crew": null, "source": "Bialystok", "destination": "Radom", "departure_time": "2018-06-07T12:05:24.552Z", "arrival_time": "2018-06-07T15:05:24.552Z"}}, {"model": "airport.flight", "pk": 18, "fields": {"airplane": 34, "crew": null, "source": "Lublin", "destination": "Radom", "departure_time": "2018-06-07T08:02:24.561Z", "arrival_time": "2018-06-07T11:03:24.561Z"}}, {"model": "airport.flight", "pk": 19, "fields": {"airplane": 6, "crew": null, "source": "Zakopane", "destination": "Wroclaw", "departure_time": "2018-06-07T19:03:24.567Z", "arrival_time": "2018-06-08T10:31:24.567Z"}}, {"model": "airport.flight", "pk": 20, "fields": {"airplane": 35, "crew": null, "source": "Bialystok", "destination": "Lublin", "departure_time": "2018-06-07T17:29:24.573Z", "arrival_time": "2018-06-07T21:30:24.573Z"}}, {"model": "airport.flight", "pk": 21, "fields": {"airplane": 33, "crew": null, "source": "Zakopane", "destination": "Modlin", "departure_time": "2018-06-07T05:04:24.579Z", "arrival_time": "2018-06-07T11:00:24.579Z"}}, {"model": "airport.flight", "pk": 22, "fields": {"airplane": 20, "crew": null, "source": "Lodz", "destination": "Radom", "departure_time": "2018-06-07T07:23:24.588Z", "arrival_time": "2018-06-07T14:46:24.588Z"}}, {"model": "airport.flight", "pk": 23, "fields": {"airplane": 26, "crew": null, "source": "Warszawa", "destination": "Lodz", "departure_time": "2018-06-07T18:18:24.599Z", "arrival_time": "2018-06-08T14:27:24.599Z"}}, {"model": "airport.flight", "pk": 24, "fields": {"airplane": 30, "crew": null, "source": "Warszawa", "destination": "Wroclaw", "departure_time": "2018-06-07T15:32:24.609Z", "arrival_time": "2018-06-07T19:20:24.609Z"}}, {"model": "airport.flight", "pk": 25, "fields": {"airplane": 45, "crew": null, "source": "Gdansk", "destination": "Radom", "departure_time": "2018-06-07T11:55:24.620Z", "arrival_time": "2018-06-07T23:07:24.620Z"}}, {"model": "airport.flight", "pk": 26, "fields": {"airplane": 25, "crew": null, "source": "Gdansk", "destination": "Bialystok", "departure_time": "2018-06-07T19:08:24.628Z", "arrival_time": "2018-06-08T01:32:24.628Z"}}, {"model": "airport.flight", "pk": 27, "fields": {"airplane": 49, "crew": null, "source": "Lodz", "destination": "Zakopane", "departure_time": "2018-06-07T18:30:24.635Z", "arrival_time": "2018-06-08T03:12:24.635Z"}}, {"model": "airport.flight", "pk": 28, "fields": {"airplane": 20, "crew": null, "source": "Szczecin", "destination": "Zakopane", "departure_time": "2018-06-07T05:55:24.642Z", "arrival_time": "2018-06-07T18:13:24.642Z"}}, {"model": "airport.flight", "pk": 29, "fields": {"airplane": 17, "crew": null, "source": "Poznan", "destination": "Zakopane", "departure_time": "2018-06-07T20:43:24.648Z", "arrival_time": "2018-06-08T12:49:24.648Z"}}, {"model": "airport.flight", "pk": 30, "fields": {"airplane": 18, "crew": null, "source": "Zakopane", "destination": "Modlin", "departure_time": "2018-06-07T19:05:24.656Z", "arrival_time": "2018-06-08T00:00:24.656Z"}}, {"model": "airport.flight", "pk": 31, "fields": {"airplane": 1, "crew": null, "source": "Opole", "destination": "Modlin", "departure_time": "2018-06-07T17:28:24.667Z", "arrival_time": "2018-06-08T11:44:24.667Z"}}, {"model": "airport.flight", "pk": 32, "fields": {"airplane": 29, "crew": null, "source": "Zakopane", "destination": "Radom", "departure_time": "2018-06-07T19:12:24.677Z", "arrival_time": "2018-06-08T00:30:24.677Z"}}, {"model": "airport.flight", "pk": 33, "fields": {"airplane": 24, "crew": null, "source": "Wroclaw", "destination": "Modlin", "departure_time": "2018-06-07T03:18:24.688Z", "arrival_time": "2018-06-07T20:31:24.688Z"}}, {"model": "airport.flight", "pk": 34, "fields": {"airplane": 9, "crew": null, "source": "Szczecin", "destination": "Zamosc", "departure_time": "2018-06-07T11:32:24.697Z", "arrival_time": "2018-06-07T23:17:24.697Z"}}, {"model": "airport.flight", "pk": 35, "fields": {"airplane": 8, "crew": null, "source": "Wroclaw", "destination": "Szczecin", "departure_time": "2018-06-07T21:07:24.703Z", "arrival_time": "2018-06-08T14:32:24.703Z"}}, {"model": "airport.flight", "pk": 36, "fields": {"airplane": 26, "crew": null, "source": "Opole", "destination": "Bialystok", "departure_time": "2018-06-07T06:47:24.710Z", "arrival_time": "2018-06-07T17:39:24.710Z"}}, {"model": "airport.flight", "pk": 37, "fields": {"airplane": 18, "crew": null, "source": "Radom", "destination": "Lodz", "departure_time": "2018-06-07T18:42:24.716Z", "arrival_time": "2018-06-08T15:30:24.716Z"}}, {"model": "airport.flight", "pk": 38, "fields": {"airplane": 38, "crew": null, "source": "Lodz", "destination": "Warszawa", "departure_time": "2018-06-07T09:49:24.726Z", "arrival_time": "2018-06-07T19:00:24.726Z"}}, {"model": "airport.flight", "pk": 39, "fields": {"airplane": 20, "crew": null, "source": "Zamosc", "destination": "Radom", "departure_time": "2018-06-07T09:24:24.736Z", "arrival_time": "2018-06-08T01:30:24.736Z"}}, {"model": "airport.flight", "pk": 40, "fields": {"airplane": 39, "crew": null, "source": "Szczecin", "destination": "Zakopane", "departure_time": "2018-06-07T10:27:24.747Z", "arrival_time": "2018-06-07T14:15:24.747Z"}}, {"model": "airport.flight", "pk": 41, "fields": {"airplane": 7, "crew": null, "source": "Modlin", "destination": "Warszawa", "departure_time": "2018-06-07T21:26:24.757Z", "arrival_time": "2018-06-08T02:30:24.757Z"}}, {"model": "airport.flight", "pk": 42, "fields": {"airplane": 26, "crew": null, "source": "Bialystok", "destination": "Zakopane", "departure_time": "2018-06-07T11:01:24.764Z", "arrival_time": "2018-06-07T16:40:24.764Z"}}, {"model": "airport.flight", "pk": 43, "fields": {"airplane": 13, "crew": null, "source": "Lublin", "destination": "Opole", "departure_time": "2018-06-07T04:37:24.771Z", "arrival_time": "2018-06-08T00:10:24.771Z"}}, {"model": "airport.flight", "pk": 44, "fields": {"airplane": 22, "crew": null, "source": "Targowek", "destination": "Bialystok", "departure_time": "2018-06-07T05:16:24.777Z", "arrival_time": "2018-06-07T22:01:24.777Z"}}, {"model": "airport.flight", "pk": 45, "fields": {"airplane": 24, "crew": null, "source": "Bialystok", "destination": "Warszawa", "departure_time": "2018-06-07T09:04:24.784Z", "arrival_time": "2018-06-07T23:04:24.784Z"}}, {"model": "airport.flight", "pk": 46, "fields": {"airplane": 37, "crew": null, "source": "Opole", "destination": "Poznan", "departure_time": "2018-06-07T12:30:24.794Z", "arrival_time": "2018-06-07T19:24:24.794Z"}}, {"model": "airport.flight", "pk": 47, "fields": {"airplane": 31, "crew": null, "source": "Poznan", "destination": "Warszawa", "departure_time": "2018-06-07T16:39:24.804Z", "arrival_time": "2018-06-08T04:53:24.804Z"}}, {"model": "airport.flight", "pk": 48, "fields": {"airplane": 10, "crew": null, "source": "Szczecin", "destination": "Poznan", "departure_time": "2018-06-07T05:10:24.816Z", "arrival_time": "2018-06-07T20:18:24.816Z"}}, {"model": "airport.flight", "pk": 49, "fields": {"airplane": 3, "crew": null, "source": "Gdansk", "destination": "Lublin", "departure_time": "2018-06-07T13:13:24.827Z", "arrival_time": "2018-06-08T01:49:24.827Z"}}, {"model": "airport.flight", "pk": 50, "fields": {"airplane": 1, "crew": null, "source": "Wroclaw", "destination": "Lublin", "departure_time": "2018-06-07T13:10:24.833Z", "arrival_time": "2018-06-08T04:56:24.833Z"}}, {"model": "airport.flight", "pk": 51, "fields": {"airplane": 3, "crew": null, "source": "Zakopane", "destination": "Targowek", "departure_time": "2018-06-07T19:05:24.839Z", "arrival_time": "2018-06-08T14:20:24.839Z"}}, {"model": "airport.flight", "pk": 52, "fields": {"airplane": 30, "crew": null, "source": "Targowek", "destination": "Radom", "departure_time": "2018-06-07T20:37:24.845Z", "arrival_time": "2018-06-08T03:10:24.845Z"}}, {"model": "airport.flight", "pk": 53, "fields": {"airplane": 30, "crew": null, "source": "Warszawa", "destination": "Targowek", "departure_time": "2018-06-07T13:06:24.851Z", "arrival_time": "2018-06-08T01:15:24.851Z"}}, {"model": "airport.flight", "pk": 54, "fields": {"airplane": 1, "crew": null, "source": "Radom", "destination": "Szczecin", "departure_time": "2018-06-07T03:32:24.861Z", "arrival_time": "2018-06-07T08:42:24.861Z"}}, {"model": "airport.flight", "pk": 55, "fields": {"airplane": 5, "crew": null, "source": "Warszawa", "destination": "Szczecin", "departure_time": "2018-06-07T07:39:24.872Z", "arrival_time": "2018-06-07T14:31:24.872Z"}}, {"model": "airport.flight", "pk": 56, "fields": {"airplane": 29, "crew": null, "source": "Warszawa", "destination": "Lodz", "departure_time": "2018-06-07T06:12:24.882Z", "arrival_time": "2018-06-07T21:53:24.882Z"}}, {"model": "airport.flight", "pk": 57, "fields": {"airplane": 30, "crew": null, "source": "Zamosc", "destination": "Radom", "departure_time": "2018-06-07T13:06:24.892Z", "arrival_time": "2018-06-08T09:53:24.892Z"}}, {"model": "airport.flight", "pk": 58, "fields": {"airplane": 11, "crew": null, "source": "Opole", "destination": "Wroclaw", "departure_time": "2018-06-07T14:44:24.902Z", "arrival_time": "2018-06-08T08:30:24.902Z"}}, {"model": "airport.flight", "pk": 59, "fields": {"airplane": 17, "crew": null, "source": "Lublin", "destination": "Poznan", "departure_time": "2018-06-07T12:02:24.909Z", "arrival_time": "2018-06-07T23:04:24.909Z"}}, {"model": "airport.flight", "pk": 60, "fields": {"airplane": 7, "crew": null, "source": "Zamosc", "destination": "Szczecin", "departure_time": "2018-06-07T17:36:24.916Z", "arrival_time": "2018-06-08T06:49:24.916Z"}}, {"model": "contenttypes.contenttype", "pk": 1, "fields": {"app_label": "airport", "model": "airplane"}}, {"model": "contenttypes.contenttype", "pk": 2, "fields": {"app_label": "airport", "model": "crew"}}, {"model": "contenttypes.contenttype", "pk": 3, "fields": {"app_label": "airport", "model": "flight"}}, {"model": "contenttypes.contenttype", "pk": 4, "fields": {"app_label": "airport", "model": "user"}}, {"model": "contenttypes.contenttype", "pk": 5, "fields": {"app_label": "airport", "model": "ticket"}}, {"model": "contenttypes.contenttype", "pk": 6, "fields": {"app_label": "admin", "model": "logentry"}}, {"model": "contenttypes.contenttype", "pk": 7, "fields": {"app_label": "auth", "model": "permission"}}, {"model": "contenttypes.contenttype", "pk": 8, "fields": {"app_label": "auth", "model": "group"}}, {"model": "contenttypes.contenttype", "pk": 9, "fields": {"app_label": "contenttypes", "model": "contenttype"}}, {"model": "contenttypes.contenttype", "pk": 10, "fields": {"app_label": "sessions", "model": "session"}}, {"model": "sessions.session", "pk": "b8vt0j0ckxzt0cg25enm4vte2ry3rvv6", "fields": {"session_data": "MTYxMmYyODNmMDE4ZjdlODljMjM0Yzk5ODExN2U3NzIwOWUxYTIxNDp7Il9hdXRoX3VzZXJfaWQiOiIyMTEiLCJfYXV0aF91c2VyX2JhY2tlbmQiOiJkamFuZ28uY29udHJpYi5hdXRoLmJhY2tlbmRzLk1vZGVsQmFja2VuZCIsIl9hdXRoX3VzZXJfaGFzaCI6IjFkODY4MWEwNzJhMDdkZjRlODIyZWM2MWExMWI4MzY4YzhmMGFmY2YifQ==", "expire_date": "2018-06-21T00:45:57.249Z"}}, {"model": "auth.permission", "pk": 1, "fields": {"name": "Can add airplane", "content_type": 1, "codename": "add_airplane"}}, {"model": "auth.permission", "pk": 2, "fields": {"name": "Can change airplane", "content_type": 1, "codename": "change_airplane"}}, {"model": "auth.permission", "pk": 3, "fields": {"name": "Can delete airplane", "content_type": 1, "codename": "delete_airplane"}}, {"model": "auth.permission", "pk": 4, "fields": {"name": "Can add crew", "content_type": 2, "codename": "add_crew"}}, {"model": "auth.permission", "pk": 5, "fields": {"name": "Can change crew", "content_type": 2, "codename": "change_crew"}}, {"model": "auth.permission", "pk": 6, "fields": {"name": "Can delete crew", "content_type": 2, "codename": "delete_crew"}}, {"model": "auth.permission", "pk": 7, "fields": {"name": "Can add flight", "content_type": 3, "codename": "add_flight"}}, {"model": "auth.permission", "pk": 8, "fields": {"name": "Can change flight", "content_type": 3, "codename": "change_flight"}}, {"model": "auth.permission", "pk": 9, "fields": {"name": "Can delete flight", "content_type": 3, "codename": "delete_flight"}}, {"model": "auth.permission", "pk": 10, "fields": {"name": "Can add user", "content_type": 4, "codename": "add_user"}}, {"model": "auth.permission", "pk": 11, "fields": {"name": "Can change user", "content_type": 4, "codename": "change_user"}}, {"model": "auth.permission", "pk": 12, "fields": {"name": "Can delete user", "content_type": 4, "codename": "delete_user"}}, {"model": "auth.permission", "pk": 13, "fields": {"name": "Can add ticket", "content_type": 5, "codename": "add_ticket"}}, {"model": "auth.permission", "pk": 14, "fields": {"name": "Can change ticket", "content_type": 5, "codename": "change_ticket"}}, {"model": "auth.permission", "pk": 15, "fields": {"name": "Can delete ticket", "content_type": 5, "codename": "delete_ticket"}}, {"model": "auth.permission", "pk": 16, "fields": {"name": "Can add log entry", "content_type": 6, "codename": "add_logentry"}}, {"model": "auth.permission", "pk": 17, "fields": {"name": "Can change log entry", "content_type": 6, "codename": "change_logentry"}}, {"model": "auth.permission", "pk": 18, "fields": {"name": "Can delete log entry", "content_type": 6, "codename": "delete_logentry"}}, {"model": "auth.permission", "pk": 19, "fields": {"name": "Can add permission", "content_type": 7, "codename": "add_permission"}}, {"model": "auth.permission", "pk": 20, "fields": {"name": "Can change permission", "content_type": 7, "codename": "change_permission"}}, {"model": "auth.permission", "pk": 21, "fields": {"name": "Can delete permission", "content_type": 7, "codename": "delete_permission"}}, {"model": "auth.permission", "pk": 22, "fields": {"name": "Can add group", "content_type": 8, "codename": "add_group"}}, {"model": "auth.permission", "pk": 23, "fields": {"name": "Can change group", "content_type": 8, "codename": "change_group"}}, {"model": "auth.permission", "pk": 24, "fields": {"name": "Can delete group", "content_type": 8, "codename": "delete_group"}}, {"model": "auth.permission", "pk": 25, "fields": {"name": "Can add content type", "content_type": 9, "codename": "add_contenttype"}}, {"model": "auth.permission", "pk": 26, "fields": {"name": "Can change content type", "content_type": 9, "codename": "change_contenttype"}}, {"model": "auth.permission", "pk": 27, "fields": {"name": "Can delete content type", "content_type": 9, "codename": "delete_contenttype"}}, {"model": "auth.permission", "pk": 28, "fields": {"name": "Can add session", "content_type": 10, "codename": "add_session"}}, {"model": "auth.permission", "pk": 29, "fields": {"name": "Can change session", "content_type": 10, "codename": "change_session"}}, {"model": "auth.permission", "pk": 30, "fields": {"name": "Can delete session", "content_type": 10, "codename": "delete_session"}}, {"model": "airport.user", "pk": 1, "fields": {"password": "pbkdf2_sha256$100000$PusKtKZKnxkf$J9KHDZ+A+EeeBLViWBYqGy3HRYLEzHCnp4NGKYwSCx8=", "last_login": null, "is_superuser": false, "username": "user1", "email": "", "is_staff": false, "is_active": true, "date_joined": "2018-06-07T00:45:03.983Z", "first_name": "Marcin", "last_name": "Kartofel", "groups": [], "user_permissions": []}}, {"model": "airport.user", "pk": 2, "fields": {"password": "pbkdf2_sha256$100000$ZKhd8wsonFgU$SL/g7ahwP0/jmelSi5sClyCkDfXnWEAyeTD+5U0mi1Y=", "last_login": null, "is_superuser": false, "username": "user2", "email": "", "is_staff": false, "is_active": true, "date_joined": "2018-06-07T00:45:04.099Z", "first_name": "Marcin", "last_name": "Urban", "groups": [], "user_permissions": []}}, {"model": "airport.user", "pk": 3, "fields": {"password": "pbkdf2_sha256$100000$eUXD5YkYAlx1$pjx7Td5HzS0/AHxI7CDp8xdeuVmnomsXVxjJ0rBWbeo=", "last_login": null, "is_superuser": false, "username": "user3", "email": "", "is_staff": false, "is_active": true, "date_joined": "2018-06-07T00:45:04.203Z", "first_name": "Marcin", "last_name": "Pomidor", "groups": [], "user_permissions": []}}, {"model": "airport.user", "pk": 4, "fields": {"password": "pbkdf2_sha256$100000$eGZncd2KmqeH$Dsb2W0EI52OQfYJ6zTFb07VHiqu/zxk1W7dqEvAQncI=", "last_login": null, "is_superuser": false, "username": "user4", "email": "", "is_staff": false, "is_active": true, "date_joined": "2018-06-07T00:45:04.311Z", "first_name": "Marcin", "last_name": "Katana", "groups": [], "user_permissions": []}}, {"model": "airport.user", "pk": 5, "fields": {"password": "pbkdf2_sha256$100000$ptfobU5AxF3F$GdTIMfy7f0XT/6u2bzDAcqwTaiwGZN8Qd35jRe+ghm0=", "last_login": null, "is_superuser": false, "username": "user5", "email": "", "is_staff": false, "is_active": true, "date_joined": "2018-06-07T00:45:04.488Z", "first_name": "Marcin", "last_name": "Pomponik", "groups": [], "user_permissions": []}}, {"model": "airport.user", "pk": 6, "fields": {"password": "pbkdf2_sha256$100000$ZgHV7i42Cuic$OPq7HejdFWUk5rw9StzvHLzkxQXg/qZHEVTD3FlZCK4=", "last_login": null, "is_superuser": false, "username": "user6", "email": "", "is_staff": false, "is_active": true, "date_joined": "2018-06-07T00:45:04.603Z", "first_name": "Marcin", "last_name": "Guzik", "groups": [], "user_permissions": []}}, {"model": "airport.user", "pk": 7, "fields": {"password": "pbkdf2_sha256$100000$9jj4OPMUdPBg$8okGBQ+d6KcT3K4dVn273jm2FFuxLONiZSew0CV6rYQ=", "last_login": null, "is_superuser": false, "username": "user7", "email": "", "is_staff": false, "is_active": true, "date_joined": "2018-06-07T00:45:04.689Z", "first_name": "Marcin", "last_name": "Rondelek", "groups": [], "user_permissions": []}}, {"model": "airport.user", "pk": 8, "fields": {"password": "pbkdf2_sha256$100000$83tArKuG1yjX$3izGbL3dYbLHq32kC06AdNHOmr0doomidfLzhf+0Cto=", "last_login": null, "is_superuser": false, "username": "user8", "email": "", "is_staff": false, "is_active": true, "date_joined": "2018-06-07T00:45:04.775Z", "first_name": "Marcin", "last_name": "Nicpon", "groups": [], "user_permissions": []}}, {"model": "airport.user", "pk": 9, "fields": {"password": "pbkdf2_sha256$100000$BlYExoVDB3Br$PeukjZLfyHepRt9F3tzvqgqebdXBxm0MWpK/Axexv88=", "last_login": null, "is_superuser": false, "username": "user9", "email": "", "is_staff": false, "is_active": true, "date_joined": "2018-06-07T00:45:04.866Z", "first_name": "Marcin", "last_name": "Tenteges", "groups": [], "user_permissions": []}}, {"model": "airport.user", "pk": 10, "fields": {"password": "pbkdf2_sha256$100000$ZzlE6qGxLtA9$3hk06LipX9GaTVn8oirilojrPvFHXLn4MAjpQKIBMD8=", "last_login": null, "is_superuser": false, "username": "user10", "email": "", "is_staff": false, "is_active": true, "date_joined": "2018-06-07T00:45:04.963Z", "first_name": "Marcin", "last_name": "Bigos", "groups": [], "user_permissions": []}}, {"model": "airport.user", "pk": 11, "fields": {"password": "pbkdf2_sha256$100000$ipVsdQz2feod$F5/kgl6jf9rUaFPpC941mKzxsvM26UDM2Ij6cZ0W6ts=", "last_login": null, "is_superuser": false, "username": "user11", "email": "", "is_staff": false, "is_active": true, "date_joined": "2018-06-07T00:45:05.071Z", "first_name": "Marcin", "last_name": "Osiol", "groups": [], "user_permissions": []}}, {"model": "airport.user", "pk": 12, "fields": {"password": "pbkdf2_sha256$100000$DtoXmUBpJZIU$f5tMa76n1rnvr2Ke+zSnGtQPwZOtDViQSA0Bh3Gir2c=", "last_login": null, "is_superuser": false, "username": "user12", "email": "", "is_staff": false, "is_active": true, "date_joined": "2018-06-07T00:45:05.167Z", "first_name": "Marcin", "last_name": "Marchewka", "groups": [], "user_permissions": []}}, {"model": "airport.user", "pk": 13, "fields": {"password": "pbkdf2_sha256$100000$p6h5waJ9g0oR$R9+lrFFC5F0v2l9VDlDbLMPt3O9GQzPI74EYSh2Imdw=", "last_login": null, "is_superuser": false, "username": "user13", "email": "", "is_staff": false, "is_active": true, "date_joined": "2018-06-07T00:45:05.258Z", "first_name": "Marcin", "last_name": "Radiator", "groups": [], "user_permissions": []}}, {"model": "airport.user", "pk": 14, "fields": {"password": "pbkdf2_sha256$100000$SbDCVbXa0Raj$DVhZflvuN91MKfs5w0VKsS7sVoXOmnxYUqvn2ez8hew=", "last_login": null, "is_superuser": false, "username": "user14", "email": "", "is_staff": false, "is_active": true, "date_joined": "2018-06-07T00:45:05.346Z", "first_name": "Marcin", "last_name": "Klops", "groups": [], "user_permissions": []}}, {"model": "airport.user", "pk": 15, "fields": {"password": "pbkdf2_sha256$100000$NhlVoy8eJINM$k5AGPGlEvvrBIdRb7vyoinIv36oKPhMM4Rjqiw2QUYg=", "last_login": null, "is_superuser": false, "username": "user15", "email": "", "is_staff": false, "is_active": true, "date_joined": "2018-06-07T00:45:05.451Z", "first_name": "Eliza", "last_name": "Kartofel", "groups": [], "user_permissions": []}}, {"model": "airport.user", "pk": 16, "fields": {"password": "pbkdf2_sha256$100000$XbqBYvq43YHr$Xgu8OeE5/0p0yf6u2J2yiLCV+TFxzzvjximEJ5HTxEQ=", "last_login": null, "is_superuser": false, "username": "user16", "email": "", "is_staff": false, "is_active": true, "date_joined": "2018-06-07T00:45:05.547Z", "first_name": "Eliza", "last_name": "Urban", "groups": [], "user_permissions": []}}, {"model": "airport.user", "pk": 17, "fields": {"password": "pbkdf2_sha256$100000$V7Fh4o87VQWU$IONFXSkswq3v6zwiibUzxXuwYaTNwrfLRBC5Kd4yrhs=", "last_login": null, "is_superuser": false, "username": "user17", "email": "", "is_staff": false, "is_active": true, "date_joined": "2018-06-07T00:45:05.636Z", "first_name": "Eliza", "last_name": "Pomidor", "groups": [], "user_permissions": []}}, {"model": "airport.user", "pk": 18, "fields": {"password": "pbkdf2_sha256$100000$xJb6U3wYG1ZG$13sBXgsDJ9AYZDx6vupgBLMtjVIQgzATWgwa1tRumxk=", "last_login": null, "is_superuser": false, "username": "user18", "email": "", "is_staff": false, "is_active": true, "date_joined": "2018-06-07T00:45:05.738Z", "first_name": "Eliza", "last_name": "Katana", "groups": [], "user_permissions": []}}, {"model": "airport.user", "pk": 19, "fields": {"password": "pbkdf2_sha256$100000$x7J39ct3G2jI$CX80vG2GAd9yOL3mmijkKd4U35DOT02CA/6HePTtk/A=", "last_login": null, "is_superuser": false, "username": "user19", "email": "", "is_staff": false, "is_active": true, "date_joined": "2018-06-07T00:45:05.838Z", "first_name": "Eliza", "last_name": "Pomponik", "groups": [], "user_permissions": []}}, {"model": "airport.user", "pk": 20, "fields": {"password": "pbkdf2_sha256$100000$rU3HijUCMRLB$szeD5Phk6lnUhAtrYhB99WJVBq3/2fzOICy+/CX9XQs=", "last_login": null, "is_superuser": false, "username": "user20", "email": "", "is_staff": false, "is_active": true, "date_joined": "2018-06-07T00:45:05.942Z", "first_name": "Eliza", "last_name": "Guzik", "groups": [], "user_permissions": []}}, {"model": "airport.user", "pk": 21, "fields": {"password": "pbkdf2_sha256$100000$KD0hMQpYo0Ac$snhjxSzGtTvRPLE8/xW4byffbCJtuDGI2LS+tQTK7T0=", "last_login": null, "is_superuser": false, "username": "user21", "email": "", "is_staff": false, "is_active": true, "date_joined": "2018-06-07T00:45:06.052Z", "first_name": "Eliza", "last_name": "Rondelek", "groups": [], "user_permissions": []}}, {"model": "airport.user", "pk": 22, "fields": {"password": "pbkdf2_sha256$100000$t6t6VSr7Qfhl$AHK5fq/BwZ/1NYMn3yZVfryZ6U6FhPQy2gRd7NY5EHY=", "last_login": null, "is_superuser": false, "username": "user22", "email": "", "is_staff": false, "is_active": true, "date_joined": "2018-06-07T00:45:06.143Z", "first_name": "Eliza", "last_name": "Nicpon", "groups": [], "user_permissions": []}}, {"model": "airport.user", "pk": 23, "fields": {"password": "pbkdf2_sha256$100000$71m0NpTpAFrz$SBMdeHuN6wBYu0hGEcC4BYnCfF2+FRCZpJA8eMvwqq4=", "last_login": null, "is_superuser": false, "username": "user23", "email": "", "is_staff": false, "is_active": true, "date_joined": "2018-06-07T00:45:06.237Z", "first_name": "Eliza", "last_name": "Tenteges", "groups": [], "user_permissions": []}}, {"model": "airport.user", "pk": 24, "fields": {"password": "pbkdf2_sha256$100000$qpjOiUul234i$FvbBREDqvzpgNW97hCJ0hhWvUjRF0a41iU1OZVRPFrs=", "last_login": null, "is_superuser": false, "username": "user24", "email": "", "is_staff": false, "is_active": true, "date_joined": "2018-06-07T00:45:06.335Z", "first_name": "Eliza", "last_name": "Bigos", "groups": [], "user_permissions": []}}, {"model": "airport.user", "pk": 25, "fields": {"password": "pbkdf2_sha256$100000$u4o2bgzvUMNQ$Un5eXzp/0kKPbDkvxhaiXr2znOD6jbAMbZwRzLLj8Jc=", "last_login": null, "is_superuser": false, "username": "user25", "email": "", "is_staff": false, "is_active": true, "date_joined": "2018-06-07T00:45:06.443Z", "first_name": "Eliza", "last_name": "Osiol", "groups": [], "user_permissions": []}}, {"model": "airport.user", "pk": 26, "fields": {"password": "pbkdf2_sha256$100000$4xLZfm56zHQD$CLzF4opu1oLNcLelycP0B9NOSAtUmOEpQg5uyko9kSk=", "last_login": null, "is_superuser": false, "username": "user26", "email": "", "is_staff": false, "is_active": true, "date_joined": "2018-06-07T00:45:06.550Z", "first_name": "Eliza", "last_name": "Marchewka", "groups": [], "user_permissions": []}}, {"model": "airport.user", "pk": 27, "fields": {"password": "pbkdf2_sha256$100000$U6dIuiOXJmHt$8fycubg/kxWdbBoPmRc88FyfyzW2Yt/Id3IeICQHqLI=", "last_login": null, "is_superuser": false, "username": "user27", "email": "", "is_staff": false, "is_active": true, "date_joined": "2018-06-07T00:45:06.637Z", "first_name": "Eliza", "last_name": "Radiator", "groups": [], "user_permissions": []}}, {"model": "airport.user", "pk": 28, "fields": {"password": "pbkdf2_sha256$100000$8xHpw5pRgT3K$XCyaK8QHUH7YYD/J887WlMxy6uH3/u/79wYcWr2uFiA=", "last_login": null, "is_superuser": false, "username": "user28", "email": "", "is_staff": false, "is_active": true, "date_joined": "2018-06-07T00:45:06.729Z", "first_name": "Eliza", "last_name": "Klops", "groups": [], "user_permissions": []}}, {"model": "airport.user", "pk": 29, "fields": {"password": "pbkdf2_sha256$100000$6L7S2WvhJvV9$3yOVcFJkuZ7ALxBubDZN7iQNzmVvkAa6c9n003vysmg=", "last_login": null, "is_superuser": false, "username": "user29", "email": "", "is_staff": false, "is_active": true, "date_joined": "2018-06-07T00:45:06.833Z", "first_name": "Anna", "last_name": "Kartofel", "groups": [], "user_permissions": []}}, {"model": "airport.user", "pk": 30, "fields": {"password": "pbkdf2_sha256$100000$Y43YDoDeCsRq$bSMCvC5PrdwJmuuqzdDcKRFAa1Hx61C0PGSS5zkC/NI=", "last_login": null, "is_superuser": false, "username": "user30", "email": "", "is_staff": false, "is_active": true, "date_joined": "2018-06-07T00:45:06.938Z", "first_name": "Anna", "last_name": "Urban", "groups": [], "user_permissions": []}}, {"model": "airport.user", "pk": 31, "fields": {"password": "pbkdf2_sha256$100000$GokftEN1XK2E$gFjPhM3n+0zQV72YvsE3QTtM7XEoz25Gu1mkuEUO75Q=", "last_login": null, "is_superuser": false, "username": "user31", "email": "", "is_staff": false, "is_active": true, "date_joined": "2018-06-07T00:45:07.028Z", "first_name": "Anna", "last_name": "Pomidor", "groups": [], "user_permissions": []}}, {"model": "airport.user", "pk": 32, "fields": {"password": "pbkdf2_sha256$100000$4cUgQtYKoPt2$X7K5PFKbY+IxZ+JhWxNVAgWDapLilCi3CfQh0wfcjMM=", "last_login": null, "is_superuser": false, "username": "user32", "email": "", "is_staff": false, "is_active": true, "date_joined": "2018-06-07T00:45:07.115Z", "first_name": "Anna", "last_name": "Katana", "groups": [], "user_permissions": []}}, {"model": "airport.user", "pk": 33, "fields": {"password": "pbkdf2_sha256$100000$QtW0xJwXgi3c$EmhD74dJEXfB5weAbm5QZc3D5ZiaYC4Z1eaUjpqUMik=", "last_login": null, "is_superuser": false, "username": "user33", "email": "", "is_staff": false, "is_active": true, "date_joined": "2018-06-07T00:45:07.212Z", "first_name": "Anna", "last_name": "Pomponik", "groups": [], "user_permissions": []}}, {"model": "airport.user", "pk": 34, "fields": {"password": "pbkdf2_sha256$100000$LW1LdNFUF6No$9+TeC6SFRMAYdRGI5O9YIxMa0juAM66eAnJp00Bb86w=", "last_login": null, "is_superuser": false, "username": "user34", "email": "", "is_staff": false, "is_active": true, "date_joined": "2018-06-07T00:45:07.308Z", "first_name": "Anna", "last_name": "Guzik", "groups": [], "user_permissions": []}}, {"model": "airport.user", "pk": 35, "fields": {"password": "pbkdf2_sha256$100000$pzku1RXXOIDw$9An+393XKdzDLMLbHfVTUEyCMlrRbGxXasXAqqKvHOY=", "last_login": null, "is_superuser": false, "username": "user35", "email": "", "is_staff": false, "is_active": true, "date_joined": "2018-06-07T00:45:07.399Z", "first_name": "Anna", "last_name": "Rondelek", "groups": [], "user_permissions": []}}, {"model": "airport.user", "pk": 36, "fields": {"password": "pbkdf2_sha256$100000$8MG8EJnV6ZRV$pamH6Q95o3jFPCcneLNxVvgvg9/NpV5skJfVnLsZtx4=", "last_login": null, "is_superuser": false, "username": "user36", "email": "", "is_staff": false, "is_active": true, "date_joined": "2018-06-07T00:45:07.491Z", "first_name": "Anna", "last_name": "Nicpon", "groups": [], "user_permissions": []}}, {"model": "airport.user", "pk": 37, "fields": {"password": "pbkdf2_sha256$100000$Ag99WUHOV49B$LiKhxiiqTYx61Eu5o8mxjiTEgXBPJCv9fHckMJw526U=", "last_login": null, "is_superuser": false, "username": "user37", "email": "", "is_staff": false, "is_active": true, "date_joined": "2018-06-07T00:45:07.581Z", "first_name": "Anna", "last_name": "Tenteges", "groups": [], "user_permissions": []}}, {"model": "airport.user", "pk": 38, "fields": {"password": "pbkdf2_sha256$100000$fUfDw2g1qXOx$3pSQrn5juTQX27C1MmBG2i3oAuagjsZMHYUp3slA4TM=", "last_login": null, "is_superuser": false, "username": "user38", "email": "", "is_staff": false, "is_active": true, "date_joined": "2018-06-07T00:45:07.677Z", "first_name": "Anna", "last_name": "Bigos", "groups": [], "user_permissions": []}}, {"model": "airport.user", "pk": 39, "fields": {"password": "pbkdf2_sha256$100000$MdzWr9z4iFu4$jJgDFk+EOjFFf2sK0ehTto/B1LPBdqJlfpA71AVs5/c=", "last_login": null, "is_superuser": false, "username": "user39", "email": "", "is_staff": false, "is_active": true, "date_joined": "2018-06-07T00:45:07.778Z", "first_name": "Anna", "last_name": "Osiol", "groups": [], "user_permissions": []}}, {"model": "airport.user", "pk": 40, "fields": {"password": "pbkdf2_sha256$100000$SvYryxtrXEuC$fo+ocj/BvLBPIUgLZAA8zzhlBb9HYAIerWa79GjL4qE=", "last_login": null, "is_superuser": false, "username": "user40", "email": "", "is_staff": false, "is_active": true, "date_joined": "2018-06-07T00:45:07.886Z", "first_name": "Anna", "last_name": "Marchewka", "groups": [], "user_permissions": []}}, {"model": "airport.user", "pk": 41, "fields": {"password": "pbkdf2_sha256$100000$PpoACwDgNXAj$MPxam2NluNG0v9nyhHt4cJqd+yB7n5dwPYK8GwLfjXU=", "last_login": null, "is_superuser": false, "username": "user41", "email": "", "is_staff": false, "is_active": true, "date_joined": "2018-06-07T00:45:07.977Z", "first_name": "Anna", "last_name": "Radiator", "groups": [], "user_permissions": []}}, {"model": "airport.user", "pk": 42, "fields": {"password": "pbkdf2_sha256$100000$HhZpoLPsiAI0$0Tk82pGP1z79xCr320EwMIrtM4H5WiYRfu0ehxGi1gg=", "last_login": null, "is_superuser": false, "username": "user42", "email": "", "is_staff": false, "is_active": true, "date_joined": "2018-06-07T00:45:08.066Z", "first_name": "Anna", "last_name": "Klops", "groups": [], "user_permissions": []}}, {"model": "airport.user", "pk": 43, "fields": {"password": "pbkdf2_sha256$100000$jbegZyMIcnOe$Q/Ee4WQLxNYq1MZhWx5+XiYwEjbg7uvSoKsBhl8Yud0=", "last_login": null, "is_superuser": false, "username": "user43", "email": "", "is_staff": false, "is_active": true, "date_joined": "2018-06-07T00:45:08.161Z", "first_name": "Malgorzata", "last_name": "Kartofel", "groups": [], "user_permissions": []}}, {"model": "airport.user", "pk": 44, "fields": {"password": "pbkdf2_sha256$100000$8NYYgC0MmBoi$IvdZrqHeUmhJ1Ztz8wS/mUF+L/vZQt3t4C+JPosj7Bk=", "last_login": null, "is_superuser": false, "username": "user44", "email": "", "is_staff": false, "is_active": true, "date_joined": "2018-06-07T00:45:08.249Z", "first_name": "Malgorzata", "last_name": "Urban", "groups": [], "user_permissions": []}}, {"model": "airport.user", "pk": 45, "fields": {"password": "pbkdf2_sha256$100000$taR22WNkm7Dt$0lHy+q4aes6jh8RgdSbnuN6sC2rbv/5qw9iyEkssyKQ=", "last_login": null, "is_superuser": false, "username": "user45", "email": "", "is_staff": false, "is_active": true, "date_joined": "2018-06-07T00:45:08.335Z", "first_name": "Malgorzata", "last_name": "Pomidor", "groups": [], "user_permissions": []}}, {"model": "airport.user", "pk": 46, "fields": {"password": "pbkdf2_sha256$100000$Z6ly48lvDe10$lmfOIJZiWH5p3KkDF/bNKvRUVI1QViWyaDlmup/1Tqo=", "last_login": null, "is_superuser": false, "username": "user46", "email": "", "is_staff": false, "is_active": true, "date_joined": "2018-06-07T00:45:08.431Z", "first_name": "Malgorzata", "last_name": "Katana", "groups": [], "user_permissions": []}}, {"model": "airport.user", "pk": 47, "fields": {"password": "pbkdf2_sha256$100000$kroTHhcvfVy7$Ch7peG2MyGFjnVwv830yAHS4A/w8IkaObcQq4ia71rg=", "last_login": null, "is_superuser": false, "username": "user47", "email": "", "is_staff": false, "is_active": true, "date_joined": "2018-06-07T00:45:08.528Z", "first_name": "Malgorzata", "last_name": "Pomponik", "groups": [], "user_permissions": []}}, {"model": "airport.user", "pk": 48, "fields": {"password": "pbkdf2_sha256$100000$uq4hU3bfVlBa$IFhvZiOkCQVkK663h0vJfyhVYonNkgeuMEvTz8d5XyM=", "last_login": null, "is_superuser": false, "username": "user48", "email": "", "is_staff": false, "is_active": true, "date_joined": "2018-06-07T00:45:08.626Z", "first_name": "Malgorzata", "last_name": "Guzik", "groups": [], "user_permissions": []}}, {"model": "airport.user", "pk": 49, "fields": {"password": "pbkdf2_sha256$100000$GZcT2AsQvTp3$l4oeBjWC5UUrW6hV9GTByOBaT5yWA0Klwn2GKRNwK8s=", "last_login": null, "is_superuser": false, "username": "user49", "email": "", "is_staff": false, "is_active": true, "date_joined": "2018-06-07T00:45:08.714Z", "first_name": "Malgorzata", "last_name": "Rondelek", "groups": [], "user_permissions": []}}, {"model": "airport.user", "pk": 50, "fields": {"password": "pbkdf2_sha256$100000$chtiwolrWrYP$cZgwiLPItfimwL4/BCyCZKNyixkmoLdS20B2KraX5EY=", "last_login": null, "is_superuser": false, "username": "user50", "email": "", "is_staff": false, "is_active": true, "date_joined": "2018-06-07T00:45:08.802Z", "first_name": "Malgorzata", "last_name": "Nicpon", "groups": [], "user_permissions": []}}, {"model": "airport.user", "pk": 51, "fields": {"password": "pbkdf2_sha256$100000$KyX0mukPugd8$FVQz0wsLldhNbiB+mORkCjW02I6esY0/Saa2eOayGRQ=", "last_login": null, "is_superuser": false, "username": "user51", "email": "", "is_staff": false, "is_active": true, "date_joined": "2018-06-07T00:45:08.898Z", "first_name": "Malgorzata", "last_name": "Tenteges", "groups": [], "user_permissions": []}}, {"model": "airport.user", "pk": 52, "fields": {"password": "pbkdf2_sha256$100000$g0o9vLWHNRpv$xLIqD90L8482TfsHze72yQv8fZk6qcmxrMg0PNRmSwo=", "last_login": null, "is_superuser": false, "username": "user52", "email": "", "is_staff": false, "is_active": true, "date_joined": "2018-06-07T00:45:09.010Z", "first_name": "Malgorzata", "last_name": "Bigos", "groups": [], "user_permissions": []}}, {"model": "airport.user", "pk": 53, "fields": {"password": "pbkdf2_sha256$100000$OqMkvtPeBy7y$1CYxPjkBWQcosJD8zB2IkkgboNyuZF81VmWnJWoibcs=", "last_login": null, "is_superuser": false, "username": "user53", "email": "", "is_staff": false, "is_active": true, "date_joined": "2018-06-07T00:45:09.107Z", "first_name": "Malgorzata", "last_name": "Osiol", "groups": [], "user_permissions": []}}, {"model": "airport.user", "pk": 54, "fields": {"password": "pbkdf2_sha256$100000$ZEHRxNHNKVqy$y/eknBlujQ6h+zju+GvMUG/kKK/052HpPLP+80KS1s0=", "last_login": null, "is_superuser": false, "username": "user54", "email": "", "is_staff": false, "is_active": true, "date_joined": "2018-06-07T00:45:09.198Z", "first_name": "Malgorzata", "last_name": "Marchewka", "groups": [], "user_permissions": []}}, {"model": "airport.user", "pk": 55, "fields": {"password": "pbkdf2_sha256$100000$IJ1tbfzfRYKV$etqd4bSx7mltr9anYFrIHMD+dSUQL8zM/jAjttX6yP0=", "last_login": null, "is_superuser": false, "username": "user55", "email": "", "is_staff": false, "is_active": true, "date_joined": "2018-06-07T00:45:09.296Z", "first_name": "Malgorzata", "last_name": "Radiator", "groups": [], "user_permissions": []}}, {"model": "airport.user", "pk": 56, "fields": {"password": "pbkdf2_sha256$100000$7w9vIlIhwV5D$yEN1iQLPG/BipBOsRSlmex99z+FaYWCejdJgJGZKCC4=", "last_login": null, "is_superuser": false, "username": "user56", "email": "", "is_staff": false, "is_active": true, "date_joined": "2018-06-07T00:45:09.397Z", "first_name": "Malgorzata", "last_name": "Klops", "groups": [], "user_permissions": []}}, {"model": "airport.user", "pk": 57, "fields": {"password": "pbkdf2_sha256$100000$IwWVRIiJdIuR$AsUzbpCA+wPAcLSSnn58qXEgDRJoE1oIeYPKY8qjtoA=", "last_login": null, "is_superuser": false, "username": "user57", "email": "", "is_staff": false, "is_active": true, "date_joined": "2018-06-07T00:45:09.498Z", "first_name": "Ewelina", "last_name": "Kartofel", "groups": [], "user_permissions": []}}, {"model": "airport.user", "pk": 58, "fields": {"password": "pbkdf2_sha256$100000$UqBGwNyZwNuj$0V7TM2IArrvA6NMKPpl/fmQxSiQAkk88N/jbcXsUE5c=", "last_login": null, "is_superuser": false, "username": "user58", "email": "", "is_staff": false, "is_active": true, "date_joined": "2018-06-07T00:45:09.587Z", "first_name": "Ewelina", "last_name": "Urban", "groups": [], "user_permissions": []}}, {"model": "airport.user", "pk": 59, "fields": {"password": "pbkdf2_sha256$100000$1mVpEXPq1AQS$In0Vo1VBM8hYllt4+Xj47wZNQmQOX+wBVERBl1zaUR8=", "last_login": null, "is_superuser": false, "username": "user59", "email": "", "is_staff": false, "is_active": true, "date_joined": "2018-06-07T00:45:09.681Z", "first_name": "Ewelina", "last_name": "Pomidor", "groups": [], "user_permissions": []}}, {"model": "airport.user", "pk": 60, "fields": {"password": "pbkdf2_sha256$100000$tzD9Dz4WoTlB$JhHFqtkRIZmwmjGYs1+daYnc8kbxfJoiDu2LkYVNOMU=", "last_login": null, "is_superuser": false, "username": "user60", "email": "", "is_staff": false, "is_active": true, "date_joined": "2018-06-07T00:45:09.776Z", "first_name": "Ewelina", "last_name": "Katana", "groups": [], "user_permissions": []}}, {"model": "airport.user", "pk": 61, "fields": {"password": "pbkdf2_sha256$100000$uSLYd8r79RA5$RD/jrJ0iufy8NgNMwNR2cmUbhTjULHgJLcuYe+lzAE0=", "last_login": null, "is_superuser": false, "username": "user61", "email": "", "is_staff": false, "is_active": true, "date_joined": "2018-06-07T00:45:09.889Z", "first_name": "Ewelina", "last_name": "Pomponik", "groups": [], "user_permissions": []}}, {"model": "airport.user", "pk": 62, "fields": {"password": "pbkdf2_sha256$100000$HzrWy23duDqO$bAKzdSA7lv4mN7ANLu+g70r2SfkhD7TWse41CI4qQpQ=", "last_login": null, "is_superuser": false, "username": "user62", "email": "", "is_staff": false, "is_active": true, "date_joined": "2018-06-07T00:45:09.990Z", "first_name": "Ewelina", "last_name": "Guzik", "groups": [], "user_permissions": []}}, {"model": "airport.user", "pk": 63, "fields": {"password": "pbkdf2_sha256$100000$di2rYnin50nV$yD+awgVQUF7nk9db61hXMNybCNMrrYXdFMMOEVPkqW4=", "last_login": null, "is_superuser": false, "username": "user63", "email": "", "is_staff": false, "is_active": true, "date_joined": "2018-06-07T00:45:10.081Z", "first_name": "Ewelina", "last_name": "Rondelek", "groups": [], "user_permissions": []}}, {"model": "airport.user", "pk": 64, "fields": {"password": "pbkdf2_sha256$100000$uEu9Fodgh0io$5nLBdmEOtKxBxzolC14IXC7MN5nCrcwNbkIYjUs7DC0=", "last_login": null, "is_superuser": false, "username": "user64", "email": "", "is_staff": false, "is_active": true, "date_joined": "2018-06-07T00:45:10.168Z", "first_name": "Ewelina", "last_name": "Nicpon", "groups": [], "user_permissions": []}}, {"model": "airport.user", "pk": 65, "fields": {"password": "pbkdf2_sha256$100000$Z9LprJ3PZoLA$eUuDrHtgSLs5jic7N6gEhByYcMAz2bcT4hRkep1fGC0=", "last_login": null, "is_superuser": false, "username": "user65", "email": "", "is_staff": false, "is_active": true, "date_joined": "2018-06-07T00:45:10.264Z", "first_name": "Ewelina", "last_name": "Tenteges", "groups": [], "user_permissions": []}}, {"model": "airport.user", "pk": 66, "fields": {"password": "pbkdf2_sha256$100000$fnXmFSLpLrdL$C6NXWve8J0GCLzRaQnIaBaFwupavsALVUZupjodQSUQ=", "last_login": null, "is_superuser": false, "username": "user66", "email": "", "is_staff": false, "is_active": true, "date_joined": "2018-06-07T00:45:10.374Z", "first_name": "Ewelina", "last_name": "Bigos", "groups": [], "user_permissions": []}}, {"model": "airport.user", "pk": 67, "fields": {"password": "pbkdf2_sha256$100000$bkZ1VlDMSTdr$nlM4DBVYkuT/WF6BMd9uQqnqAFG5r1KRWggakslogZM=", "last_login": null, "is_superuser": false, "username": "user67", "email": "", "is_staff": false, "is_active": true, "date_joined": "2018-06-07T00:45:10.465Z", "first_name": "Ewelina", "last_name": "Osiol", "groups": [], "user_permissions": []}}, {"model": "airport.user", "pk": 68, "fields": {"password": "pbkdf2_sha256$100000$OlUdjuOI0x5p$k9v8ucZK6ssAf2kUmYQoRDxVBKKRnp42ogCu8Y+t4Z4=", "last_login": null, "is_superuser": false, "username": "user68", "email": "", "is_staff": false, "is_active": true, "date_joined": "2018-06-07T00:45:10.553Z", "first_name": "Ewelina", "last_name": "Marchewka", "groups": [], "user_permissions": []}}, {"model": "airport.user", "pk": 69, "fields": {"password": "pbkdf2_sha256$100000$Aqw2TVetxIU7$0+9W01ZKlR/tcT8eCyVgcehlfZEbhjPy4Tiq8xyYObs=", "last_login": null, "is_superuser": false, "username": "user69", "email": "", "is_staff": false, "is_active": true, "date_joined": "2018-06-07T00:45:10.641Z", "first_name": "Ewelina", "last_name": "Radiator", "groups": [], "user_permissions": []}}, {"model": "airport.user", "pk": 70, "fields": {"password": "pbkdf2_sha256$100000$COpeEJvyfJqd$5tPoi8Sk26yRb3jMpTqjdy486UlRqEmELrXofQZNo4k=", "last_login": null, "is_superuser": false, "username": "user70", "email": "", "is_staff": false, "is_active": true, "date_joined": "2018-06-07T00:45:10.749Z", "first_name": "Ewelina", "last_name": "Klops", "groups": [], "user_permissions": []}}, {"model": "airport.user", "pk": 71, "fields": {"password": "pbkdf2_sha256$100000$kfUfOqou542R$YEcJMiGOiLzEX3EWo07zF6LtKq9OZPtxLFM4yEk4TLw=", "last_login": null, "is_superuser": false, "username": "user71", "email": "", "is_staff": false, "is_active": true, "date_joined": "2018-06-07T00:45:10.856Z", "first_name": "Marek", "last_name": "Kartofel", "groups": [], "user_permissions": []}}, {"model": "airport.user", "pk": 72, "fields": {"password": "pbkdf2_sha256$100000$DdANeGSRVebB$5rueNTZEhYbITUKSPnjK0vDabXlgI/EnqpTepytuEHc=", "last_login": null, "is_superuser": false, "username": "user72", "email": "", "is_staff": false, "is_active": true, "date_joined": "2018-06-07T00:45:10.945Z", "first_name": "Marek", "last_name": "Urban", "groups": [], "user_permissions": []}}, {"model": "airport.user", "pk": 73, "fields": {"password": "pbkdf2_sha256$100000$zcDWJ6cwCSa2$fAT+fseXwb/HCOsIM4RjKZOHSjXDc7uCmEmVr0z/hew=", "last_login": null, "is_superuser": false, "username": "user73", "email": "", "is_staff": false, "is_active": true, "date_joined": "2018-06-07T00:45:11.033Z", "first_name": "Marek", "last_name": "Pomidor", "groups": [], "user_permissions": []}}, {"model": "airport.user", "pk": 74, "fields": {"password": "pbkdf2_sha256$100000$Yu7V7BNp8un4$IFp8d8IlbKCSyEaEbI7MQXKsVclO/e3nZkaYdSBjNhU=", "last_login": null, "is_superuser": false, "username": "user74", "email": "", "is_staff": false, "is_active": true, "date_joined": "2018-06-07T00:45:11.125Z", "first_name": "Marek", "last_name": "Katana", "groups": [], "user_permissions": []}}, {"model": "airport.user", "pk": 75, "fields": {"password": "pbkdf2_sha256$100000$e3OJoFF0J3Ef$dTk5VSmlRbe8VpokZJ3eAb6zPuQ22yhQ43pVBAi01IU=", "last_login": null, "is_superuser": false, "username": "user75", "email": "", "is_staff": false, "is_active": true, "date_joined": "2018-06-07T00:45:11.225Z", "first_name": "Marek", "last_name": "Pomponik", "groups": [], "user_permissions": []}}, {"model": "airport.user", "pk": 76, "fields": {"password": "pbkdf2_sha256$100000$jWCu55kRf60I$gCGF+ajlJpkEx7lXozQPmgvdelMnLibLMG7IZpBxxrU=", "last_login": null, "is_superuser": false, "username": "user76", "email": "", "is_staff": false, "is_active": true, "date_joined": "2018-06-07T00:45:11.324Z", "first_name": "Marek", "last_name": "Guzik", "groups": [], "user_permissions": []}}, {"model": "airport.user", "pk": 77, "fields": {"password": "pbkdf2_sha256$100000$aRB4XMFJDgUS$gsRLoKGVicEvlRF3T8fuLEEJaxkOqJaFKzfiX+/pMwY=", "last_login": null, "is_superuser": false, "username": "user77", "email": "", "is_staff": false, "is_active": true, "date_joined": "2018-06-07T00:45:11.424Z", "first_name": "Marek", "last_name": "Rondelek", "groups": [], "user_permissions": []}}, {"model": "airport.user", "pk": 78, "fields": {"password": "pbkdf2_sha256$100000$ZcjqiqEkEarO$ZxJo9IYpYrx+aLBDlRu8BGse1kz0q8NqxBa2CtkZORk=", "last_login": null, "is_superuser": false, "username": "user78", "email": "", "is_staff": false, "is_active": true, "date_joined": "2018-06-07T00:45:11.510Z", "first_name": "Marek", "last_name": "Nicpon", "groups": [], "user_permissions": []}}, {"model": "airport.user", "pk": 79, "fields": {"password": "pbkdf2_sha256$100000$1aieWXPQVkF6$usZSTVY9zV2SG7GRSQz5ooviAThsEX97oyNYdj2Z9WQ=", "last_login": null, "is_superuser": false, "username": "user79", "email": "", "is_staff": false, "is_active": true, "date_joined": "2018-06-07T00:45:11.608Z", "first_name": "Marek", "last_name": "Tenteges", "groups": [], "user_permissions": []}}, {"model": "airport.user", "pk": 80, "fields": {"password": "pbkdf2_sha256$100000$zUigiBljbyZn$Zk0xZ068fgyrdmeD4gJPtpbQw5PD2xM/i3LuDIdrtEA=", "last_login": null, "is_superuser": false, "username": "user80", "email": "", "is_staff": false, "is_active": true, "date_joined": "2018-06-07T00:45:11.719Z", "first_name": "Marek", "last_name": "Bigos", "groups": [], "user_permissions": []}}, {"model": "airport.user", "pk": 81, "fields": {"password": "pbkdf2_sha256$100000$yqpqbUGlzyOV$xinJMaUUcMLdFQQf7E4xxGDLn7WuD5QDe4uXbpwXeT4=", "last_login": null, "is_superuser": false, "username": "user81", "email": "", "is_staff": false, "is_active": true, "date_joined": "2018-06-07T00:45:11.819Z", "first_name": "Marek", "last_name": "Osiol", "groups": [], "user_permissions": []}}, {"model": "airport.user", "pk": 82, "fields": {"password": "pbkdf2_sha256$100000$pUl46uR4qw3H$aZPFIXEqHmEDD1ry8YwKncD83zPYxmXL8aoaFRGiQ8k=", "last_login": null, "is_superuser": false, "username": "user82", "email": "", "is_staff": false, "is_active": true, "date_joined": "2018-06-07T00:45:11.918Z", "first_name": "Marek", "last_name": "Marchewka", "groups": [], "user_permissions": []}}, {"model": "airport.user", "pk": 83, "fields": {"password": "pbkdf2_sha256$100000$xhRP8XOZisaD$rtb4iBcj0Z6lDleF+hkzPNOkyp2+uzAmdSRRI33jLYc=", "last_login": null, "is_superuser": false, "username": "user83", "email": "", "is_staff": false, "is_active": true, "date_joined": "2018-06-07T00:45:12.005Z", "first_name": "Marek", "last_name": "Radiator", "groups": [], "user_permissions": []}}, {"model": "airport.user", "pk": 84, "fields": {"password": "pbkdf2_sha256$100000$TtBFV5IVXrY1$SmtnOatNww9avc7cORMPr+twvvtak+8eIeM0okdxRFM=", "last_login": null, "is_superuser": false, "username": "user84", "email": "", "is_staff": false, "is_active": true, "date_joined": "2018-06-07T00:45:12.097Z", "first_name": "Marek", "last_name": "Klops", "groups": [], "user_permissions": []}}, {"model": "airport.user", "pk": 85, "fields": {"password": "pbkdf2_sha256$100000$grpVtTBcbplp$8KZ8nk8gnEHcqotBygHFGhB4DMj+7fB73w5IxBAPJtA=", "last_login": null, "is_superuser": false, "username": "user85", "email": "", "is_staff": false, "is_active": true, "date_joined": "2018-06-07T00:45:12.204Z", "first_name": "Mateusz", "last_name": "Kartofel", "groups": [], "user_permissions": []}}, {"model": "airport.user", "pk": 86, "fields": {"password": "pbkdf2_sha256$100000$6BXnoaK2xd0D$uUAfw/7yY8LjTI+8aWMMEh2bKg2lXgcB+s0S8eEzgT4=", "last_login": null, "is_superuser": false, "username": "user86", "email": "", "is_staff": false, "is_active": true, "date_joined": "2018-06-07T00:45:12.304Z", "first_name": "Mateusz", "last_name": "Urban", "groups": [], "user_permissions": []}}, {"model": "airport.user", "pk": 87, "fields": {"password": "pbkdf2_sha256$100000$VRGLRPSVCnuX$mnqe25GV5E+aUctOUr9E9KOkbVXm6FP/HFPs9bo7Uo8=", "last_login": null, "is_superuser": false, "username": "user87", "email": "", "is_staff": false, "is_active": true, "date_joined": "2018-06-07T00:45:12.394Z", "first_name": "Mateusz", "last_name": "Pomidor", "groups": [], "user_permissions": []}}, {"model": "airport.user", "pk": 88, "fields": {"password": "pbkdf2_sha256$100000$nbMASs6uHWJl$Zb6Le8UvlnHA8KzbRmmONjBvz3xJ7w40WLgkUSQt5x8=", "last_login": null, "is_superuser": false, "username": "user88", "email": "", "is_staff": false, "is_active": true, "date_joined": "2018-06-07T00:45:12.482Z", "first_name": "Mateusz", "last_name": "Katana", "groups": [], "user_permissions": []}}, {"model": "airport.user", "pk": 89, "fields": {"password": "pbkdf2_sha256$100000$nur3UGvEECPK$7wOJqSC0Db/VjUAexo7BlqAvwUFNJGxFePFodTbiLmM=", "last_login": null, "is_superuser": false, "username": "user89", "email": "", "is_staff": false, "is_active": true, "date_joined": "2018-06-07T00:45:12.586Z", "first_name": "Mateusz", "last_name": "Pomponik", "groups": [], "user_permissions": []}}, {"model": "airport.user", "pk": 90, "fields": {"password": "pbkdf2_sha256$100000$omT9b6zVaXeQ$d0dgUVNEgHjIgNQzMT1aW2JI+fy05xRoJ34dEnpO2nM=", "last_login": null, "is_superuser": false, "username": "user90", "email": "", "is_staff": false, "is_active": true, "date_joined": "2018-06-07T00:45:12.682Z", "first_name": "Mateusz", "last_name": "Guzik", "groups": [], "user_permissions": []}}, {"model": "airport.user", "pk": 91, "fields": {"password": "pbkdf2_sha256$100000$eB55GDxAaxq7$Hem/n82MZL1t6gVJffH8cxRmn0Gcl4Cam+iTtsqwtFE=", "last_login": null, "is_superuser": false, "username": "user91", "email": "", "is_staff": false, "is_active": true, "date_joined": "2018-06-07T00:45:12.790Z", "first_name": "Mateusz", "last_name": "Rondelek", "groups": [], "user_permissions": []}}, {"model": "airport.user", "pk": 92, "fields": {"password": "pbkdf2_sha256$100000$YyfJgk6Ovl5F$NWYvtbUz4z8AV3MnwJrRGK3MSBQ00mjq4oImcE5L0Zk=", "last_login": null, "is_superuser": false, "username": "user92", "email": "", "is_staff": false, "is_active": true, "date_joined": "2018-06-07T00:45:12.883Z", "first_name": "Mateusz", "last_name": "Nicpon", "groups": [], "user_permissions": []}}, {"model": "airport.user", "pk": 93, "fields": {"password": "pbkdf2_sha256$100000$kF1TSvk7wBCk$Os6s8yWTxBmuEBSI8mWYWApmWhFNvHMYs5se40ii3dU=", "last_login": null, "is_superuser": false, "username": "user93", "email": "", "is_staff": false, "is_active": true, "date_joined": "2018-06-07T00:45:12.975Z", "first_name": "Mateusz", "last_name": "Tenteges", "groups": [], "user_permissions": []}}, {"model": "airport.user", "pk": 94, "fields": {"password": "pbkdf2_sha256$100000$MCvzxhV3jhqH$RCT79IktsCCEHl+XXO9+LzgANqHykTQZs6cY+/Jq0wE=", "last_login": null, "is_superuser": false, "username": "user94", "email": "", "is_staff": false, "is_active": true, "date_joined": "2018-06-07T00:45:13.070Z", "first_name": "Mateusz", "last_name": "Bigos", "groups": [], "user_permissions": []}}, {"model": "airport.user", "pk": 95, "fields": {"password": "pbkdf2_sha256$100000$9EiaqjYZL0XS$vnWZG1k+LlFbmPM5XqjSlVOYAcJbGCyK9gkDBiBOPes=", "last_login": null, "is_superuser": false, "username": "user95", "email": "", "is_staff": false, "is_active": true, "date_joined": "2018-06-07T00:45:13.166Z", "first_name": "Mateusz", "last_name": "Osiol", "groups": [], "user_permissions": []}}, {"model": "airport.user", "pk": 96, "fields": {"password": "pbkdf2_sha256$100000$DsDi9uN6ca2s$EGfl7jr8HNbQuzLFkp3qwcHpur+RwFB4mH6gZwOGsDc=", "last_login": null, "is_superuser": false, "username": "user96", "email": "", "is_staff": false, "is_active": true, "date_joined": "2018-06-07T00:45:13.270Z", "first_name": "Mateusz", "last_name": "Marchewka", "groups": [], "user_permissions": []}}, {"model": "airport.user", "pk": 97, "fields": {"password": "pbkdf2_sha256$100000$vEIlrego3Yeg$VNWHuMttrV8Z0O5faGiG0Qz70O30dmBScnh8LU9N8R4=", "last_login": null, "is_superuser": false, "username": "user97", "email": "", "is_staff": false, "is_active": true, "date_joined": "2018-06-07T00:45:13.368Z", "first_name": "Mateusz", "last_name": "Radiator", "groups": [], "user_permissions": []}}, {"model": "airport.user", "pk": 98, "fields": {"password": "pbkdf2_sha256$100000$VeSZZrxSuQkn$CNQpR8ZVR+ayhUeYevZwUjLyqc8xvlNczxdQY8jHaYI=", "last_login": null, "is_superuser": false, "username": "user98", "email": "", "is_staff": false, "is_active": true, "date_joined": "2018-06-07T00:45:13.464Z", "first_name": "Mateusz", "last_name": "Klops", "groups": [], "user_permissions": []}}, {"model": "airport.user", "pk": 99, "fields": {"password": "pbkdf2_sha256$100000$WIpTulYWovb4$H8KfoSjaLCEAUjWP5qcmXrGRyEksyS4j2eNyddARByg=", "last_login": null, "is_superuser": false, "username": "user99", "email": "", "is_staff": false, "is_active": true, "date_joined": "2018-06-07T00:45:13.555Z", "first_name": "Janusz", "last_name": "Kartofel", "groups": [], "user_permissions": []}}, {"model": "airport.user", "pk": 100, "fields": {"password": "pbkdf2_sha256$100000$6UwFojdMS08Y$9gBOYIfC35h42kvoEOYk6ndT6YhsyG9wtcfg/aMKxOU=", "last_login": null, "is_superuser": false, "username": "user100", "email": "", "is_staff": false, "is_active": true, "date_joined": "2018-06-07T00:45:13.642Z", "first_name": "Janusz", "last_name": "Urban", "groups": [], "user_permissions": []}}, {"model": "airport.user", "pk": 101, "fields": {"password": "pbkdf2_sha256$100000$sI6tC6WvospU$eUxtiK1FIQIBYxy7OTwnld8l2L87Z5oQc1JoCJdRvmA=", "last_login": null, "is_superuser": false, "username": "user101", "email": "", "is_staff": false, "is_active": true, "date_joined": "2018-06-07T00:45:13.736Z", "first_name": "Janusz", "last_name": "Pomidor", "groups": [], "user_permissions": []}}, {"model": "airport.user", "pk": 102, "fields": {"password": "pbkdf2_sha256$100000$TGjnij33rFY3$evuNqv24GUf//b5tIEkKR7UI7ZhFrrPDxRlBpiGlMo4=", "last_login": null, "is_superuser": false, "username": "user102", "email": "", "is_staff": false, "is_active": true, "date_joined": "2018-06-07T00:45:13.839Z", "first_name": "Janusz", "last_name": "Katana", "groups": [], "user_permissions": []}}, {"model": "airport.user", "pk": 103, "fields": {"password": "pbkdf2_sha256$100000$1mOS00ZfAzzw$GhXECAsFmOyeM7H2/jp4BxcqT/Wu/7gpqulyvdE+yz0=", "last_login": null, "is_superuser": false, "username": "user103", "email": "", "is_staff": false, "is_active": true, "date_joined": "2018-06-07T00:45:13.945Z", "first_name": "Janusz", "last_name": "Pomponik", "groups": [], "user_permissions": []}}, {"model": "airport.user", "pk": 104, "fields": {"password": "pbkdf2_sha256$100000$UJIMU4bwmg4l$YZ9aDX3UKKlaQklIXmU5NXpQY4CB05rGnCn2o03bhSs=", "last_login": null, "is_superuser": false, "username": "user104", "email": "", "is_staff": false, "is_active": true, "date_joined": "2018-06-07T00:45:14.038Z", "first_name": "Janusz", "last_name": "Guzik", "groups": [], "user_permissions": []}}, {"model": "airport.user", "pk": 105, "fields": {"password": "pbkdf2_sha256$100000$auHcYl1lCDXX$TeqZA09y+/v0xUU22U/+x/vrPIrhAWDHvWXE/fhNA2A=", "last_login": null, "is_superuser": false, "username": "user105", "email": "", "is_staff": false, "is_active": true, "date_joined": "2018-06-07T00:45:14.124Z", "first_name": "Janusz", "last_name": "Rondelek", "groups": [], "user_permissions": []}}, {"model": "airport.user", "pk": 106, "fields": {"password": "pbkdf2_sha256$100000$woQDJBnx3zBi$4zO/ckE/QdNnXNY5Jbxf9IVckEbPKEgUc7Oi0g3Uens=", "last_login": null, "is_superuser": false, "username": "user106", "email": "", "is_staff": false, "is_active": true, "date_joined": "2018-06-07T00:45:14.220Z", "first_name": "Janusz", "last_name": "Nicpon", "groups": [], "user_permissions": []}}, {"model": "airport.user", "pk": 107, "fields": {"password": "pbkdf2_sha256$100000$g9lbxRxcu7Hj$LPe65X8hzkbUXxflhikgi2/kBSR+tEfwOYmUy3mB+Yk=", "last_login": null, "is_superuser": false, "username": "user107", "email": "", "is_staff": false, "is_active": true, "date_joined": "2018-06-07T00:45:14.319Z", "first_name": "Janusz", "last_name": "Tenteges", "groups": [], "user_permissions": []}}, {"model": "airport.user", "pk": 108, "fields": {"password": "pbkdf2_sha256$100000$Xd8M7v3Ei9q9$RscrVLoFyCvHsimgVnWGXR+ePLNVJCcvUnAFW0oFF5g=", "last_login": null, "is_superuser": false, "username": "user108", "email": "", "is_staff": false, "is_active": true, "date_joined": "2018-06-07T00:45:14.407Z", "first_name": "Janusz", "last_name": "Bigos", "groups": [], "user_permissions": []}}, {"model": "airport.user", "pk": 109, "fields": {"password": "pbkdf2_sha256$100000$xHzeWA2tx6x7$GXxHM0ahYicytr84GbCKnm3207GH+FJvHwPL1cIVX5Y=", "last_login": null, "is_superuser": false, "username": "user109", "email": "", "is_staff": false, "is_active": true, "date_joined": "2018-06-07T00:45:14.493Z", "first_name": "Janusz", "last_name": "Osiol", "groups": [], "user_permissions": []}}, {"model": "airport.user", "pk": 110, "fields": {"password": "pbkdf2_sha256$100000$t4QJAcbKizVg$gB8R4w54HqOZ4dUmL7oB1lFjdy90PLQ8LFmGWiJNOow=", "last_login": null, "is_superuser": false, "username": "user110", "email": "", "is_staff": false, "is_active": true, "date_joined": "2018-06-07T00:45:14.585Z", "first_name": "Janusz", "last_name": "Marchewka", "groups": [], "user_permissions": []}}, {"model": "airport.user", "pk": 111, "fields": {"password": "pbkdf2_sha256$100000$Ldkhbzj6YEqR$G4+ZyiUyhqCtOrqy2INtRJR80dGRTnM96wIjaxPLxVM=", "last_login": null, "is_superuser": false, "username": "user111", "email": "", "is_staff": false, "is_active": true, "date_joined": "2018-06-07T00:45:14.679Z", "first_name": "Janusz", "last_name": "Radiator", "groups": [], "user_permissions": []}}, {"model": "airport.user", "pk": 112, "fields": {"password": "pbkdf2_sha256$100000$T5fmesiS7BEn$zOG7hxKYTR6pKN96L53ngBwVmlh+h8PCN6hygANvc8w=", "last_login": null, "is_superuser": false, "username": "user112", "email": "", "is_staff": false, "is_active": true, "date_joined": "2018-06-07T00:45:14.774Z", "first_name": "Janusz", "last_name": "Klops", "groups": [], "user_permissions": []}}, {"model": "airport.user", "pk": 113, "fields": {"password": "pbkdf2_sha256$100000$aKuCByL3rqfQ$ZFRMbchrMz+M4dIVRRcXftX5WZnrINeidtcc8FzD3bg=", "last_login": null, "is_superuser": false, "username": "user113", "email": "", "is_staff": false, "is_active": true, "date_joined": "2018-06-07T00:45:14.867Z", "first_name": "Blazej", "last_name": "Kartofel", "groups": [], "user_permissions": []}}, {"model": "airport.user", "pk": 114, "fields": {"password": "pbkdf2_sha256$100000$uFj1D8k9pX4Z$XkYGou9fJpep7Gt6jyFcCvUM+UtLb5a/nZbEsTxvMI8=", "last_login": null, "is_superuser": false, "username": "user114", "email": "", "is_staff": false, "is_active": true, "date_joined": "2018-06-07T00:45:14.954Z", "first_name": "Blazej", "last_name": "Urban", "groups": [], "user_permissions": []}}, {"model": "airport.user", "pk": 115, "fields": {"password": "pbkdf2_sha256$100000$xoe48NnNeKPl$/CiUTCU/kvQFDLgub3jp2b8x3SQrngfYU2NUdbM011s=", "last_login": null, "is_superuser": false, "username": "user115", "email": "", "is_staff": false, "is_active": true, "date_joined": "2018-06-07T00:45:15.045Z", "first_name": "Blazej", "last_name": "Pomidor", "groups": [], "user_permissions": []}}, {"model": "airport.user", "pk": 116, "fields": {"password": "pbkdf2_sha256$100000$p6yVkyLmVqF3$Iq4fZk7s0VnKLBN3Gd7RkvRoNm/U3sFCqTkM3hHdEco=", "last_login": null, "is_superuser": false, "username": "user116", "email": "", "is_staff": false, "is_active": true, "date_joined": "2018-06-07T00:45:15.143Z", "first_name": "Blazej", "last_name": "Katana", "groups": [], "user_permissions": []}}, {"model": "airport.user", "pk": 117, "fields": {"password": "pbkdf2_sha256$100000$TFqsSBQRlv4f$tSSrZMtMgXGqT046KJ6Gfa+YcWSP9qMCzFO5jGpZ1+U=", "last_login": null, "is_superuser": false, "username": "user117", "email": "", "is_staff": false, "is_active": true, "date_joined": "2018-06-07T00:45:15.251Z", "first_name": "Blazej", "last_name": "Pomponik", "groups": [], "user_permissions": []}}, {"model": "airport.user", "pk": 118, "fields": {"password": "pbkdf2_sha256$100000$JQHmYCg6ZcXW$1Ra13un40WAKBth0oNDsIBrT0UKbRTrtS/D62g67urQ=", "last_login": null, "is_superuser": false, "username": "user118", "email": "", "is_staff": false, "is_active": true, "date_joined": "2018-06-07T00:45:15.348Z", "first_name": "Blazej", "last_name": "Guzik", "groups": [], "user_permissions": []}}, {"model": "airport.user", "pk": 119, "fields": {"password": "pbkdf2_sha256$100000$Zxag7NDJZfDS$Tcr5tYDBRehNHhVE5WvNyMwk/K90Z50cBg0brsnAaEs=", "last_login": null, "is_superuser": false, "username": "user119", "email": "", "is_staff": false, "is_active": true, "date_joined": "2018-06-07T00:45:15.434Z", "first_name": "Blazej", "last_name": "Rondelek", "groups": [], "user_permissions": []}}, {"model": "airport.user", "pk": 120, "fields": {"password": "pbkdf2_sha256$100000$0o2cPX9b1g9M$isEmJofPtnYMDqQgXluXZFOsjHttClWwMthT6Frms8g=", "last_login": null, "is_superuser": false, "username": "user120", "email": "", "is_staff": false, "is_active": true, "date_joined": "2018-06-07T00:45:15.530Z", "first_name": "Blazej", "last_name": "Nicpon", "groups": [], "user_permissions": []}}, {"model": "airport.user", "pk": 121, "fields": {"password": "pbkdf2_sha256$100000$2tlLpfvWDPQS$0ASs/zJzh3fpO1dYVPPTrr1B3zuK1GIcmomCamep8GU=", "last_login": null, "is_superuser": false, "username": "user121", "email": "", "is_staff": false, "is_active": true, "date_joined": "2018-06-07T00:45:15.634Z", "first_name": "Blazej", "last_name": "Tenteges", "groups": [], "user_permissions": []}}, {"model": "airport.user", "pk": 122, "fields": {"password": "pbkdf2_sha256$100000$8EVC0idYyKea$Otjm/rTkUe7zVyOAOZWauKHozSldHW3u9TQD0fYW97I=", "last_login": null, "is_superuser": false, "username": "user122", "email": "", "is_staff": false, "is_active": true, "date_joined": "2018-06-07T00:45:15.756Z", "first_name": "Blazej", "last_name": "Bigos", "groups": [], "user_permissions": []}}, {"model": "airport.user", "pk": 123, "fields": {"password": "pbkdf2_sha256$100000$aiSIW1DZuGOa$W4K+zWzUyFScrv1dJ4ehSLod7MyfOhKQ0k2/T5lBeIE=", "last_login": null, "is_superuser": false, "username": "user123", "email": "", "is_staff": false, "is_active": true, "date_joined": "2018-06-07T00:45:15.858Z", "first_name": "Blazej", "last_name": "Osiol", "groups": [], "user_permissions": []}}, {"model": "airport.user", "pk": 124, "fields": {"password": "pbkdf2_sha256$100000$hcR15ia6AN5m$4+Um6VucUVJWI/OOd5QhKS5PHlKxoBO5YJ3eIYlmgXw=", "last_login": null, "is_superuser": false, "username": "user124", "email": "", "is_staff": false, "is_active": true, "date_joined": "2018-06-07T00:45:15.951Z", "first_name": "Blazej", "last_name": "Marchewka", "groups": [], "user_permissions": []}}, {"model": "airport.user", "pk": 125, "fields": {"password": "pbkdf2_sha256$100000$ZakjNeObXEz7$C/GuO6pYgyxX7xxV78dE+bBVXLjqNB+r7xlC7pxbQt4=", "last_login": null, "is_superuser": false, "username": "user125", "email": "", "is_staff": false, "is_active": true, "date_joined": "2018-06-07T00:45:16.056Z", "first_name": "Blazej", "last_name": "Radiator", "groups": [], "user_permissions": []}}, {"model": "airport.user", "pk": 126, "fields": {"password": "pbkdf2_sha256$100000$u10Zj84dEiTd$zyfJ+2AyLFERaU39bcfrBMlwUs/T6FZxUMM6CHvXh40=", "last_login": null, "is_superuser": false, "username": "user126", "email": "", "is_staff": false, "is_active": true, "date_joined": "2018-06-07T00:45:16.154Z", "first_name": "Blazej", "last_name": "Klops", "groups": [], "user_permissions": []}}, {"model": "airport.user", "pk": 127, "fields": {"password": "pbkdf2_sha256$100000$8ifKVtrrjMe4$6AVExwJ5DZidtjR9e6X1EXEPG47OF7mKOU/d1YhOvu4=", "last_login": null, "is_superuser": false, "username": "user127", "email": "", "is_staff": false, "is_active": true, "date_joined": "2018-06-07T00:45:16.256Z", "first_name": "Genowefa", "last_name": "Kartofel", "groups": [], "user_permissions": []}}, {"model": "airport.user", "pk": 128, "fields": {"password": "pbkdf2_sha256$100000$BExIsvJBUPkm$rVFJxbW6HFBdtc/8Q4OmX7xAzesWqs4GxpHtA+QUR5Q=", "last_login": null, "is_superuser": false, "username": "user128", "email": "", "is_staff": false, "is_active": true, "date_joined": "2018-06-07T00:45:16.343Z", "first_name": "Genowefa", "last_name": "Urban", "groups": [], "user_permissions": []}}, {"model": "airport.user", "pk": 129, "fields": {"password": "pbkdf2_sha256$100000$y59YE0Paezoj$VIqzo+uh0QyJc3wLXRFdPLrCM01EBMbtym9IeZ7b63w=", "last_login": null, "is_superuser": false, "username": "user129", "email": "", "is_staff": false, "is_active": true, "date_joined": "2018-06-07T00:45:16.434Z", "first_name": "Genowefa", "last_name": "Pomidor", "groups": [], "user_permissions": []}}, {"model": "airport.user", "pk": 130, "fields": {"password": "pbkdf2_sha256$100000$qig5yskycx1A$je7HVDS4tph96cPJNtvcGdUztm6m5x2yGfYzCpnNrh0=", "last_login": null, "is_superuser": false, "username": "user130", "email": "", "is_staff": false, "is_active": true, "date_joined": "2018-06-07T00:45:16.529Z", "first_name": "Genowefa", "last_name": "Katana", "groups": [], "user_permissions": []}}, {"model": "airport.user", "pk": 131, "fields": {"password": "pbkdf2_sha256$100000$j2rlr1OsI8p7$Yqttt2f/Cw4XiHJGTYpNfsQyY8IiZGaS3Q4zktiol54=", "last_login": null, "is_superuser": false, "username": "user131", "email": "", "is_staff": false, "is_active": true, "date_joined": "2018-06-07T00:45:16.624Z", "first_name": "Genowefa", "last_name": "Pomponik", "groups": [], "user_permissions": []}}, {"model": "airport.user", "pk": 132, "fields": {"password": "pbkdf2_sha256$100000$Q5MlMvPzLC13$2bAtMElNbROQKXRHyVdXddRNai7vaDKRr5FK4ogzIvM=", "last_login": null, "is_superuser": false, "username": "user132", "email": "", "is_staff": false, "is_active": true, "date_joined": "2018-06-07T00:45:16.714Z", "first_name": "Genowefa", "last_name": "Guzik", "groups": [], "user_permissions": []}}, {"model": "airport.user", "pk": 133, "fields": {"password": "pbkdf2_sha256$100000$3zdLWoUgL91B$rqMhDJz4ZiT8LRWLNRTTKeAl9qZ87Qo2ft61JgvTEcE=", "last_login": null, "is_superuser": false, "username": "user133", "email": "", "is_staff": false, "is_active": true, "date_joined": "2018-06-07T00:45:16.811Z", "first_name": "Genowefa", "last_name": "Rondelek", "groups": [], "user_permissions": []}}, {"model": "airport.user", "pk": 134, "fields": {"password": "pbkdf2_sha256$100000$n1kUzzfz9kqb$QfuFHXL0b6a5KUr5TyrAECyRlCIk5fBJRtdknNRYpHs=", "last_login": null, "is_superuser": false, "username": "user134", "email": "", "is_staff": false, "is_active": true, "date_joined": "2018-06-07T00:45:16.900Z", "first_name": "Genowefa", "last_name": "Nicpon", "groups": [], "user_permissions": []}}, {"model": "airport.user", "pk": 135, "fields": {"password": "pbkdf2_sha256$100000$otAe3C28V4Pz$M7CUCwRRWFRwTQ2fiDV8JFyLK2aUFn+7rGEWjpiYW9Q=", "last_login": null, "is_superuser": false, "username": "user135", "email": "", "is_staff": false, "is_active": true, "date_joined": "2018-06-07T00:45:16.996Z", "first_name": "Genowefa", "last_name": "Tenteges", "groups": [], "user_permissions": []}}, {"model": "airport.user", "pk": 136, "fields": {"password": "pbkdf2_sha256$100000$A39EgNPIhz6l$cFgk/1UAASpUtO71ycUhtaflwwQa0AZw4fe7bRadZVs=", "last_login": null, "is_superuser": false, "username": "user136", "email": "", "is_staff": false, "is_active": true, "date_joined": "2018-06-07T00:45:17.091Z", "first_name": "Genowefa", "last_name": "Bigos", "groups": [], "user_permissions": []}}, {"model": "airport.user", "pk": 137, "fields": {"password": "pbkdf2_sha256$100000$CpNnomyq4T6k$eRrxBnesDxIQU/Llm+GH1umMSCpMZIMM+zBBTid75Qg=", "last_login": null, "is_superuser": false, "username": "user137", "email": "", "is_staff": false, "is_active": true, "date_joined": "2018-06-07T00:45:17.182Z", "first_name": "Genowefa", "last_name": "Osiol", "groups": [], "user_permissions": []}}, {"model": "airport.user", "pk": 138, "fields": {"password": "pbkdf2_sha256$100000$rJ8a8dGvKXh0$sV9O9vPZ4l+TNtbZ9feKoSxrSkuoN1El5yKxdIt5gWQ=", "last_login": null, "is_superuser": false, "username": "user138", "email": "", "is_staff": false, "is_active": true, "date_joined": "2018-06-07T00:45:17.273Z", "first_name": "Genowefa", "last_name": "Marchewka", "groups": [], "user_permissions": []}}, {"model": "airport.user", "pk": 139, "fields": {"password": "pbkdf2_sha256$100000$kjq2oyykgCyu$67VG5mYUq5uExYBvOdoXX8ss6sThsifgt+3jb+xwM+s=", "last_login": null, "is_superuser": false, "username": "user139", "email": "", "is_staff": false, "is_active": true, "date_joined": "2018-06-07T00:45:17.365Z", "first_name": "Genowefa", "last_name": "Radiator", "groups": [], "user_permissions": []}}, {"model": "airport.user", "pk": 140, "fields": {"password": "pbkdf2_sha256$100000$kTOwDtgTNgqE$SMiNhkGu64EHqHgvERnYx+TO1AVgvb8wuKPhV7S243I=", "last_login": null, "is_superuser": false, "username": "user140", "email": "", "is_staff": false, "is_active": true, "date_joined": "2018-06-07T00:45:17.464Z", "first_name": "Genowefa", "last_name": "Klops", "groups": [], "user_permissions": []}}, {"model": "airport.user", "pk": 141, "fields": {"password": "pbkdf2_sha256$100000$cEd0COB2Fc5r$NAazakOTMjZiXfm3BosaGvnuhLGBQWCR6KH/NKj9d5o=", "last_login": null, "is_superuser": false, "username": "user141", "email": "", "is_staff": false, "is_active": true, "date_joined": "2018-06-07T00:45:17.561Z", "first_name": "Bartlomiej", "last_name": "Kartofel", "groups": [], "user_permissions": []}}, {"model": "airport.user", "pk": 142, "fields": {"password": "pbkdf2_sha256$100000$GF1qU8KAi3f3$IJ7nntdUSzsAvlYR5s/oOaCRCXNGKb4Stz8bG7T+KYY=", "last_login": null, "is_superuser": false, "username": "user142", "email": "", "is_staff": false, "is_active": true, "date_joined": "2018-06-07T00:45:17.665Z", "first_name": "Bartlomiej", "last_name": "Urban", "groups": [], "user_permissions": []}}, {"model": "airport.user", "pk": 143, "fields": {"password": "pbkdf2_sha256$100000$lPJMkdBAG6mf$OwnoZaiOIQi1SEZqvQ2LuVXR7kFs7p1zZndo1/GPDEM=", "last_login": null, "is_superuser": false, "username": "user143", "email": "", "is_staff": false, "is_active": true, "date_joined": "2018-06-07T00:45:17.752Z", "first_name": "Bartlomiej", "last_name": "Pomidor", "groups": [], "user_permissions": []}}, {"model": "airport.user", "pk": 144, "fields": {"password": "pbkdf2_sha256$100000$l7dvQ6UYOHFD$MPnyNYvIfddf+iOLiXYdkmRJPIN0V8h7WQWUTOik1ak=", "last_login": null, "is_superuser": false, "username": "user144", "email": "", "is_staff": false, "is_active": true, "date_joined": "2018-06-07T00:45:17.858Z", "first_name": "Bartlomiej", "last_name": "Katana", "groups": [], "user_permissions": []}}, {"model": "airport.user", "pk": 145, "fields": {"password": "pbkdf2_sha256$100000$C2KTLOzF8jmZ$LVqz9YLXxoM9PTD2wi1pPrwz11mAMvnThDLln514Cx8=", "last_login": null, "is_superuser": false, "username": "user145", "email": "", "is_staff": false, "is_active": true, "date_joined": "2018-06-07T00:45:17.964Z", "first_name": "Bartlomiej", "last_name": "Pomponik", "groups": [], "user_permissions": []}}, {"model": "airport.user", "pk": 146, "fields": {"password": "pbkdf2_sha256$100000$BzppJxOhyhwE$iaw5Y52+da75XkNTyYBrMN/9QRnzMldCEnjpyQ3PG44=", "last_login": null, "is_superuser": false, "username": "user146", "email": "", "is_staff": false, "is_active": true, "date_joined": "2018-06-07T00:45:18.071Z", "first_name": "Bartlomiej", "last_name": "Guzik", "groups": [], "user_permissions": []}}, {"model": "airport.user", "pk": 147, "fields": {"password": "pbkdf2_sha256$100000$CeF1oqhSq4Sj$aS7x2OgxV8C9sO5XNPwjTM2v/717fBxzIV5Ed7j/iyY=", "last_login": null, "is_superuser": false, "username": "user147", "email": "", "is_staff": false, "is_active": true, "date_joined": "2018-06-07T00:45:18.158Z", "first_name": "Bartlomiej", "last_name": "Rondelek", "groups": [], "user_permissions": []}}, {"model": "airport.user", "pk": 148, "fields": {"password": "pbkdf2_sha256$100000$NfpAtKduvLWF$KUh+5XuDeZqlHvqDstdfxR9WX80cM1t3Of61ObdkyKo=", "last_login": null, "is_superuser": false, "username": "user148", "email": "", "is_staff": false, "is_active": true, "date_joined": "2018-06-07T00:45:18.245Z", "first_name": "Bartlomiej", "last_name": "Nicpon", "groups": [], "user_permissions": []}}, {"model": "airport.user", "pk": 149, "fields": {"password": "pbkdf2_sha256$100000$YX8cbh4pt5aQ$wfvA+xJPR4QweHGjL3Sx0RWpWreUGHhfLGP6QHsAtOc=", "last_login": null, "is_superuser": false, "username": "user149", "email": "", "is_staff": false, "is_active": true, "date_joined": "2018-06-07T00:45:18.342Z", "first_name": "Bartlomiej", "last_name": "Tenteges", "groups": [], "user_permissions": []}}, {"model": "airport.user", "pk": 150, "fields": {"password": "pbkdf2_sha256$100000$f5H6qJreCfVb$0q57sBNbLcTM7vyU5nmwvzn1QsPjByFXzqZCpm0/CzU=", "last_login": null, "is_superuser": false, "username": "user150", "email": "", "is_staff": false, "is_active": true, "date_joined": "2018-06-07T00:45:18.446Z", "first_name": "Bartlomiej", "last_name": "Bigos", "groups": [], "user_permissions": []}}, {"model": "airport.user", "pk": 151, "fields": {"password": "pbkdf2_sha256$100000$5EoRUB5i2a3C$1ZAcZXUtYzgHLkCVvTFTQ9y7WuTDuRU6GeXROTUlKU8=", "last_login": null, "is_superuser": false, "username": "user151", "email": "", "is_staff": false, "is_active": true, "date_joined": "2018-06-07T00:45:18.540Z", "first_name": "Bartlomiej", "last_name": "Osiol", "groups": [], "user_permissions": []}}, {"model": "airport.user", "pk": 152, "fields": {"password": "pbkdf2_sha256$100000$pTmOwGCFSs79$qsbFPqg878G+3NklFMR5Ao8/4Bjlb29UezugbozgAE4=", "last_login": null, "is_superuser": false, "username": "user152", "email": "", "is_staff": false, "is_active": true, "date_joined": "2018-06-07T00:45:18.629Z", "first_name": "Bartlomiej", "last_name": "Marchewka", "groups": [], "user_permissions": []}}, {"model": "airport.user", "pk": 153, "fields": {"password": "pbkdf2_sha256$100000$rjwRhyJ2sGkk$9FTvf0dEFI4ooCcO6arucg7+jN4gLMX3NQNjjwnl+fg=", "last_login": null, "is_superuser": false, "username": "user153", "email": "", "is_staff": false, "is_active": true, "date_joined": "2018-06-07T00:45:18.721Z", "first_name": "Bartlomiej", "last_name": "Radiator", "groups": [], "user_permissions": []}}, {"model": "airport.user", "pk": 154, "fields": {"password": "pbkdf2_sha256$100000$g3xX0YPu1SRs$ege+b5iwHxkm09TnVDL0V/9vobSnOsi5swsUPkiB/hE=", "last_login": null, "is_superuser": false, "username": "user154", "email": "", "is_staff": false, "is_active": true, "date_joined": "2018-06-07T00:45:18.827Z", "first_name": "Bartlomiej", "last_name": "Klops", "groups": [], "user_permissions": []}}, {"model": "airport.user", "pk": 155, "fields": {"password": "pbkdf2_sha256$100000$D3xjdNGxmLpF$OPLaPx7FTGk0T6Wu2LjT8gc/H90TYgig9/pvOAgLr30=", "last_login": null, "is_superuser": false, "username": "user155", "email": "", "is_staff": false, "is_active": true, "date_joined": "2018-06-07T00:45:18.933Z", "first_name": "Jakub", "last_name": "Kartofel", "groups": [], "user_permissions": []}}, {"model": "airport.user", "pk": 156, "fields": {"password": "pbkdf2_sha256$100000$Z2qtxMeYUyP3$eJNabmb73FbGotKte7aX7uSsxYO9MLr/uoOzfNbZSak=", "last_login": null, "is_superuser": false, "username": "user156", "email": "", "is_staff": false, "is_active": true, "date_joined": "2018-06-07T00:45:19.028Z", "first_name": "Jakub", "last_name": "Urban", "groups": [], "user_permissions": []}}, {"model": "airport.user", "pk": 157, "fields": {"password": "pbkdf2_sha256$100000$xNMl6VhpE9vh$r2y0gTEkcrK5YJlWKoqgj7/ibTgw0nSYd5YcQlxbUWU=", "last_login": null, "is_superuser": false, "username": "user157", "email": "", "is_staff": false, "is_active": true, "date_joined": "2018-06-07T00:45:19.122Z", "first_name": "Jakub", "last_name": "Pomidor", "groups": [], "user_permissions": []}}, {"model": "airport.user", "pk": 158, "fields": {"password": "pbkdf2_sha256$100000$LFLI2uvIA4eX$grtBaLSp0Hn7Ak3mcdXKz/0nZ1oG8eL9gjiqfCXfvCE=", "last_login": null, "is_superuser": false, "username": "user158", "email": "", "is_staff": false, "is_active": true, "date_joined": "2018-06-07T00:45:19.218Z", "first_name": "Jakub", "last_name": "Katana", "groups": [], "user_permissions": []}}, {"model": "airport.user", "pk": 159, "fields": {"password": "pbkdf2_sha256$100000$hIUK95lb7Kxp$HIJi5zxS/jtT1y1B0NERiYrszvV8OdjkuKCGI3KhwRo=", "last_login": null, "is_superuser": false, "username": "user159", "email": "", "is_staff": false, "is_active": true, "date_joined": "2018-06-07T00:45:19.322Z", "first_name": "Jakub", "last_name": "Pomponik", "groups": [], "user_permissions": []}}, {"model": "airport.user", "pk": 160, "fields": {"password": "pbkdf2_sha256$100000$sJiOPBZgyxoA$Qjppd8kTmpqDSkoUiiF9L/eehCPJULD9jUY5eBD/x6Y=", "last_login": null, "is_superuser": false, "username": "user160", "email": "", "is_staff": false, "is_active": true, "date_joined": "2018-06-07T00:45:19.441Z", "first_name": "Jakub", "last_name": "Guzik", "groups": [], "user_permissions": []}}, {"model": "airport.user", "pk": 161, "fields": {"password": "pbkdf2_sha256$100000$a2z4J4GXKK0K$0YDpXuFDf7RcH10yu5q3t4kr48Z2rt+6SreS5znFoAM=", "last_login": null, "is_superuser": false, "username": "user161", "email": "", "is_staff": false, "is_active": true, "date_joined": "2018-06-07T00:45:19.549Z", "first_name": "Jakub", "last_name": "Rondelek", "groups": [], "user_permissions": []}}, {"model": "airport.user", "pk": 162, "fields": {"password": "pbkdf2_sha256$100000$TbQepEj1DRm8$eX2jX+EQOgXi6zSqq0B3r4CTnPl7ZgkTJxn9rPCQsUQ=", "last_login": null, "is_superuser": false, "username": "user162", "email": "", "is_staff": false, "is_active": true, "date_joined": "2018-06-07T00:45:19.640Z", "first_name": "Jakub", "last_name": "Nicpon", "groups": [], "user_permissions": []}}, {"model": "airport.user", "pk": 163, "fields": {"password": "pbkdf2_sha256$100000$uWBnOSCs58py$3GSfBsDPCH3fXD/1U3wa1PMGX2dhK0ociT8u6H9tThs=", "last_login": null, "is_superuser": false, "username": "user163", "email": "", "is_staff": false, "is_active": true, "date_joined": "2018-06-07T00:45:19.731Z", "first_name": "Jakub", "last_name": "Tenteges", "groups": [], "user_permissions": []}}, {"model": "airport.user", "pk": 164, "fields": {"password": "pbkdf2_sha256$100000$E0lmVIYdw0O4$UDKshk9vwxaD7TYOXdsq31Pc3EBAys3rqnh0hUGFfak=", "last_login": null, "is_superuser": false, "username": "user164", "email": "", "is_staff": false, "is_active": true, "date_joined": "2018-06-07T00:45:19.840Z", "first_name": "Jakub", "last_name": "Bigos", "groups": [], "user_permissions": []}}, {"model": "airport.user", "pk": 165, "fields": {"password": "pbkdf2_sha256$100000$ApqIUtZHkh9v$Th4qjfTsOTkkRiNoOT8BWVTVvPKI7UtdxNYIo73Fez8=", "last_login": null, "is_superuser": false, "username": "user165", "email": "", "is_staff": false, "is_active": true, "date_joined": "2018-06-07T00:45:19.935Z", "first_name": "Jakub", "last_name": "Osiol", "groups": [], "user_permissions": []}}, {"model": "airport.user", "pk": 166, "fields": {"password": "pbkdf2_sha256$100000$lRH0TIfGRlu5$sixenNfWVxbSAdHHl85zfhVAQuzYsSJTwoVtbCthDnw=", "last_login": null, "is_superuser": false, "username": "user166", "email": "", "is_staff": false, "is_active": true, "date_joined": "2018-06-07T00:45:20.022Z", "first_name": "Jakub", "last_name": "Marchewka", "groups": [], "user_permissions": []}}, {"model": "airport.user", "pk": 167, "fields": {"password": "pbkdf2_sha256$100000$fv4WhGJQ9dH7$W5IFPGYjIIUWFAaAno6DzcGlqtPfUglq96jJAv5PsMM=", "last_login": null, "is_superuser": false, "username": "user167", "email": "", "is_staff": false, "is_active": true, "date_joined": "2018-06-07T00:45:20.110Z", "first_name": "Jakub", "last_name": "Radiator", "groups": [], "user_permissions": []}}, {"model": "airport.user", "pk": 168, "fields": {"password": "pbkdf2_sha256$100000$aUrJYNJl9QdH$ETAiD2Ok7OQTkUYNWIUvGWGeQYCboskIzFYPeGh//1I=", "last_login": null, "is_superuser": false, "username": "user168", "email": "", "is_staff": false, "is_active": true, "date_joined": "2018-06-07T00:45:20.203Z", "first_name": "Jakub", "last_name": "Klops", "groups": [], "user_permissions": []}}, {"model": "airport.user", "pk": 169, "fields": {"password": "pbkdf2_sha256$100000$hG8S4RldbCfw$pd7Uu7e1+7nMC+jbFTaVX7lHk0L1CORrqtMXfc0bSNY=", "last_login": null, "is_superuser": false, "username": "user169", "email": "", "is_staff": false, "is_active": true, "date_joined": "2018-06-07T00:45:20.307Z", "first_name": "Urszula", "last_name": "Kartofel", "groups": [], "user_permissions": []}}, {"model": "airport.user", "pk": 170, "fields": {"password": "pbkdf2_sha256$100000$vRSntufmnvC2$E22J6U+R0ciltq5+4440KhgLpTZ1V3wCdjD9iCbe3Zc=", "last_login": null, "is_superuser": false, "username": "user170", "email": "", "is_staff": false, "is_active": true, "date_joined": "2018-06-07T00:45:20.420Z", "first_name": "Urszula", "last_name": "Urban", "groups": [], "user_permissions": []}}, {"model": "airport.user", "pk": 171, "fields": {"password": "pbkdf2_sha256$100000$eablWpGxFH1C$ei31G0VB45hXZicWte9CSN4yjiL/Ztyl90gttpW1PDM=", "last_login": null, "is_superuser": false, "username": "user171", "email": "", "is_staff": false, "is_active": true, "date_joined": "2018-06-07T00:45:20.518Z", "first_name": "Urszula", "last_name": "Pomidor", "groups": [], "user_permissions": []}}, {"model": "airport.user", "pk": 172, "fields": {"password": "pbkdf2_sha256$100000$sevGCtCkff0V$zft1PEeq+zE3rmE31cK+ifg9+p6hbJ1Ui3073EXjNGc=", "last_login": null, "is_superuser": false, "username": "user172", "email": "", "is_staff": false, "is_active": true, "date_joined": "2018-06-07T00:45:20.608Z", "first_name": "Urszula", "last_name": "Katana", "groups": [], "user_permissions": []}}, {"model": "airport.user", "pk": 173, "fields": {"password": "pbkdf2_sha256$100000$7It8RY3jqKxL$3pmygj0nNr7P/0vjiCDI4KD6ct4xaCbykMwZM+teFgI=", "last_login": null, "is_superuser": false, "username": "user173", "email": "", "is_staff": false, "is_active": true, "date_joined": "2018-06-07T00:45:20.708Z", "first_name": "Urszula", "last_name": "Pomponik", "groups": [], "user_permissions": []}}, {"model": "airport.user", "pk": 174, "fields": {"password": "pbkdf2_sha256$100000$vLSoj4uG51Wg$zGdjoA9e1Th2PDX0JOFn4mmG275Fm2XyOlx5jIUIbFk=", "last_login": null, "is_superuser": false, "username": "user174", "email": "", "is_staff": false, "is_active": true, "date_joined": "2018-06-07T00:45:20.803Z", "first_name": "Urszula", "last_name": "Guzik", "groups": [], "user_permissions": []}}, {"model": "airport.user", "pk": 175, "fields": {"password": "pbkdf2_sha256$100000$RcqKAZPoVs6I$aVT05knpLAX16FsG18lcbVmY9oofcN8mMyhUBW+itkQ=", "last_login": null, "is_superuser": false, "username": "user175", "email": "", "is_staff": false, "is_active": true, "date_joined": "2018-06-07T00:45:20.892Z", "first_name": "Urszula", "last_name": "Rondelek", "groups": [], "user_permissions": []}}, {"model": "airport.user", "pk": 176, "fields": {"password": "pbkdf2_sha256$100000$34MUPckjdijS$37m213OCiBZ42TVMPcf3/B5jccsvhScgQcq4E+FXfNk=", "last_login": null, "is_superuser": false, "username": "user176", "email": "", "is_staff": false, "is_active": true, "date_joined": "2018-06-07T00:45:20.989Z", "first_name": "Urszula", "last_name": "Nicpon", "groups": [], "user_permissions": []}}, {"model": "airport.user", "pk": 177, "fields": {"password": "pbkdf2_sha256$100000$kUmCxfb0dVXj$ApCd1+BO3ACsj3CFkl9tjKgvetcoVWdUBx3kdWTUa8g=", "last_login": null, "is_superuser": false, "username": "user177", "email": "", "is_staff": false, "is_active": true, "date_joined": "2018-06-07T00:45:21.082Z", "first_name": "Urszula", "last_name": "Tenteges", "groups": [], "user_permissions": []}}, {"model": "airport.user", "pk": 178, "fields": {"password": "pbkdf2_sha256$100000$SlufocYXvJfI$77pCsedq95PY4bxBEUuzqZSVl27KxhlPl1upQ31Bcr0=", "last_login": null, "is_superuser": false, "username": "user178", "email": "", "is_staff": false, "is_active": true, "date_joined": "2018-06-07T00:45:21.176Z", "first_name": "Urszula", "last_name": "Bigos", "groups": [], "user_permissions": []}}, {"model": "airport.user", "pk": 179, "fields": {"password": "pbkdf2_sha256$100000$Jo4FVMOMj7As$j/G+q+h+JXWFmaiJaAQ46de/1Zr8cyB6wnpmjQpAVNs=", "last_login": null, "is_superuser": false, "username": "user179", "email": "", "is_staff": false, "is_active": true, "date_joined": "2018-06-07T00:45:21.275Z", "first_name": "Urszula", "last_name": "Osiol", "groups": [], "user_permissions": []}}, {"model": "airport.user", "pk": 180, "fields": {"password": "pbkdf2_sha256$100000$Ac8dB7YoiViU$S+6zRaSj07H95eGuBqyqJUFuSxMnGfJ0Zsp2+iMk/Hw=", "last_login": null, "is_superuser": false, "username": "user180", "email": "", "is_staff": false, "is_active": true, "date_joined": "2018-06-07T00:45:21.365Z", "first_name": "Urszula", "last_name": "Marchewka", "groups": [], "user_permissions": []}}, {"model": "airport.user", "pk": 181, "fields": {"password": "pbkdf2_sha256$100000$yqxK41SoimJv$Mt6Vj/W6Mqd0v6JrfKfT+KfgmpIsdATDZ5q5CNDaUXQ=", "last_login": null, "is_superuser": false, "username": "user181", "email": "", "is_staff": false, "is_active": true, "date_joined": "2018-06-07T00:45:21.459Z", "first_name": "Urszula", "last_name": "Radiator", "groups": [], "user_permissions": []}}, {"model": "airport.user", "pk": 182, "fields": {"password": "pbkdf2_sha256$100000$K2mPns29NwZD$uJa5Pa6kBjOYFJmpVZBby/yITdFNKGYdD8UXxw9creM=", "last_login": null, "is_superuser": false, "username": "user182", "email": "", "is_staff": false, "is_active": true, "date_joined": "2018-06-07T00:45:21.565Z", "first_name": "Urszula", "last_name": "Klops", "groups": [], "user_permissions": []}}, {"model": "airport.user", "pk": 183, "fields": {"password": "pbkdf2_sha256$100000$pTXQVYoftqw4$l931i1Sp5Nv9VXau7d1rEXP8SLV947bZFUn+jLKeoM8=", "last_login": null, "is_superuser": false, "username": "user183", "email": "", "is_staff": false, "is_active": true, "date_joined": "2018-06-07T00:45:21.664Z", "first_name": "Waldemar", "last_name": "Kartofel", "groups": [], "user_permissions": []}}, {"model": "airport.user", "pk": 184, "fields": {"password": "pbkdf2_sha256$100000$Vq4WusSm6Xql$C3BjxcT8mOvPPU7P67eZzXJdwW4OODIJsWlivjO/32E=", "last_login": null, "is_superuser": false, "username": "user184", "email": "", "is_staff": false, "is_active": true, "date_joined": "2018-06-07T00:45:21.759Z", "first_name": "Waldemar", "last_name": "Urban", "groups": [], "user_permissions": []}}, {"model": "airport.user", "pk": 185, "fields": {"password": "pbkdf2_sha256$100000$BIWq0HFNeBdF$VfGUZvPS+6QM6Pvq+/HHN3JprmCe+Enw0hl5YTG6YO4=", "last_login": null, "is_superuser": false, "username": "user185", "email": "", "is_staff": false, "is_active": true, "date_joined": "2018-06-07T00:45:21.850Z", "first_name": "Waldemar", "last_name": "Pomidor", "groups": [], "user_permissions": []}}, {"model": "airport.user", "pk": 186, "fields": {"password": "pbkdf2_sha256$100000$OsRxIvtnrlOj$7cUTma710SDqCwXmzw5lGY8VWjpS33fD0/6f0t7fd7U=", "last_login": null, "is_superuser": false, "username": "user186", "email": "", "is_staff": false, "is_active": true, "date_joined": "2018-06-07T00:45:21.939Z", "first_name": "Waldemar", "last_name": "Katana", "groups": [], "user_permissions": []}}, {"model": "airport.user", "pk": 187, "fields": {"password": "pbkdf2_sha256$100000$pOXxJwir5IIO$6VxIDubIQ/utQVPqIHjgGvAyUxtLX1yZf3APuVqnqQI=", "last_login": null, "is_superuser": false, "username": "user187", "email": "", "is_staff": false, "is_active": true, "date_joined": "2018-06-07T00:45:22.036Z", "first_name": "Waldemar", "last_name": "Pomponik", "groups": [], "user_permissions": []}}, {"model": "airport.user", "pk": 188, "fields": {"password": "pbkdf2_sha256$100000$aowuR2qSctXq$eYt2Do/edIGCXLlFbLA+YBZEC3RGboTI18kIHb85/wk=", "last_login": null, "is_superuser": false, "username": "user188", "email": "", "is_staff": false, "is_active": true, "date_joined": "2018-06-07T00:45:22.141Z", "first_name": "Waldemar", "last_name": "Guzik", "groups": [], "user_permissions": []}}, {"model": "airport.user", "pk": 189, "fields": {"password": "pbkdf2_sha256$100000$6dESA3DQbSfH$CfDJgrdx7uK2vH/Sa9Li7baohrZXH2VzUPTOvYg7gEw=", "last_login": null, "is_superuser": false, "username": "user189", "email": "", "is_staff": false, "is_active": true, "date_joined": "2018-06-07T00:45:22.249Z", "first_name": "Waldemar", "last_name": "Rondelek", "groups": [], "user_permissions": []}}, {"model": "airport.user", "pk": 190, "fields": {"password": "pbkdf2_sha256$100000$0NRxPoOyr2x4$8Uo3MDAjS7eAy45+y5j7veTg0FWppSuo9QFChQeybBQ=", "last_login": null, "is_superuser": false, "username": "user190", "email": "", "is_staff": false, "is_active": true, "date_joined": "2018-06-07T00:45:22.337Z", "first_name": "Waldemar", "last_name": "Nicpon", "groups": [], "user_permissions": []}}, {"model": "airport.user", "pk": 191, "fields": {"password": "pbkdf2_sha256$100000$uzw77M8zLFzV$o7vwFGc0S3c2XtSX92OT244iWjUUD0227ysA+Y3R8Hs=", "last_login": null, "is_superuser": false, "username": "user191", "email": "", "is_staff": false, "is_active": true, "date_joined": "2018-06-07T00:45:22.424Z", "first_name": "Waldemar", "last_name": "Tenteges", "groups": [], "user_permissions": []}}, {"model": "airport.user", "pk": 192, "fields": {"password": "pbkdf2_sha256$100000$xYuhVOJnKDv4$3KrwJT0lbxDJsbwbl2QBrthdIYyQFnsiF3oHdo5Xykk=", "last_login": null, "is_superuser": false, "username": "user192", "email": "", "is_staff": false, "is_active": true, "date_joined": "2018-06-07T00:45:22.514Z", "first_name": "Waldemar", "last_name": "Bigos", "groups": [], "user_permissions": []}}, {"model": "airport.user", "pk": 193, "fields": {"password": "pbkdf2_sha256$100000$SMF5DaC6GfjX$RFvjEets36oH4qAJ/pqT+8D5TYhEtb2VLd+agc4OKic=", "last_login": null, "is_superuser": false, "username": "user193", "email": "", "is_staff": false, "is_active": true, "date_joined": "2018-06-07T00:45:22.619Z", "first_name": "Waldemar", "last_name": "Osiol", "groups": [], "user_permissions": []}}, {"model": "airport.user", "pk": 194, "fields": {"password": "pbkdf2_sha256$100000$iyncut6mriwe$CKm82zwYAE3PaLQlz4wWc2RjNumWljH2xJXN2qFSWKo=", "last_login": null, "is_superuser": false, "username": "user194", "email": "", "is_staff": false, "is_active": true, "date_joined": "2018-06-07T00:45:22.725Z", "first_name": "Waldemar", "last_name": "Marchewka", "groups": [], "user_permissions": []}}, {"model": "airport.user", "pk": 195, "fields": {"password": "pbkdf2_sha256$100000$zoXoBlwQfRQC$leiko1srySgX2C+Yd3b2Yps/fEZIfMEc8Vc0tPYMjq8=", "last_login": null, "is_superuser": false, "username": "user195", "email": "", "is_staff": false, "is_active": true, "date_joined": "2018-06-07T00:45:22.820Z", "first_name": "Waldemar", "last_name": "Radiator", "groups": [], "user_permissions": []}}, {"model": "airport.user", "pk": 196, "fields": {"password": "pbkdf2_sha256$100000$hIut0tzdx5Hp$iaOTI9Rg7GXewsLns8bOiNEe+tpJYdjJY2ijjsNyRrQ=", "last_login": null, "is_superuser": false, "username": "user196", "email": "", "is_staff": false, "is_active": true, "date_joined": "2018-06-07T00:45:22.911Z", "first_name": "Waldemar", "last_name": "Klops", "groups": [], "user_permissions": []}}, {"model": "airport.user", "pk": 197, "fields": {"password": "pbkdf2_sha256$100000$0MJHx4qoWn1y$ZA/zJdhteF2tAiTc3ur+oC7Ku7ttuNKJMhbGmF8VTxU=", "last_login": null, "is_superuser": false, "username": "user197", "email": "", "is_staff": false, "is_active": true, "date_joined": "2018-06-07T00:45:23.026Z", "first_name": "Pawel", "last_name": "Kartofel", "groups": [], "user_permissions": []}}, {"model": "airport.user", "pk": 198, "fields": {"password": "pbkdf2_sha256$100000$KFthgyF1Wc1s$ny+57ODB+bxgmJ4b3OD7FH+MYtVoy8Uv2KYshHGhJnk=", "last_login": null, "is_superuser": false, "username": "user198", "email": "", "is_staff": false, "is_active": true, "date_joined": "2018-06-07T00:45:23.121Z", "first_name": "Pawel", "last_name": "Urban", "groups": [], "user_permissions": []}}, {"model": "airport.user", "pk": 199, "fields": {"password": "pbkdf2_sha256$100000$e3oPFI2hfjCC$lfEPJfMRcM3xCuRaTQ0V94d66sQImI9WKFOvsLqlTOc=", "last_login": null, "is_superuser": false, "username": "user199", "email": "", "is_staff": false, "is_active": true, "date_joined": "2018-06-07T00:45:23.215Z", "first_name": "Pawel", "last_name": "Pomidor", "groups": [], "user_permissions": []}}, {"model": "airport.user", "pk": 200, "fields": {"password": "pbkdf2_sha256$100000$EujRnxsyt5HT$nU9BFj0mLDDaG+9ez1/jQTMYwOkQjoQEwRhpqKoC3k4=", "last_login": null, "is_superuser": false, "username": "user200", "email": "", "is_staff": false, "is_active": true, "date_joined": "2018-06-07T00:45:23.308Z", "first_name": "Pawel", "last_name": "Katana", "groups": [], "user_permissions": []}}, {"model": "airport.user", "pk": 201, "fields": {"password": "pbkdf2_sha256$100000$t52sJG5hwIpk$lm9MUhvq4gQ9Qnf4ZyoKE1dvKtVK5CIQMSAUFRiJ36Y=", "last_login": null, "is_superuser": false, "username": "user201", "email": "", "is_staff": false, "is_active": true, "date_joined": "2018-06-07T00:45:23.399Z", "first_name": "Pawel", "last_name": "Pomponik", "groups": [], "user_permissions": []}}, {"model": "airport.user", "pk": 202, "fields": {"password": "pbkdf2_sha256$100000$6n3v5mBGfigz$q8qGmdUarbKtfy2RkHZGur3fozoCLkL66TYxVdxgIXI=", "last_login": null, "is_superuser": false, "username": "user202", "email": "", "is_staff": false, "is_active": true, "date_joined": "2018-06-07T00:45:23.496Z", "first_name": "Pawel", "last_name": "Guzik", "groups": [], "user_permissions": []}}, {"model": "airport.user", "pk": 203, "fields": {"password": "pbkdf2_sha256$100000$Iviro9UsaRPL$568MMHIOsc+VBfUQctAS6XZZyQ3ZVFiosWSo1LGpND0=", "last_login": null, "is_superuser": false, "username": "user203", "email": "", "is_staff": false, "is_active": true, "date_joined": "2018-06-07T00:45:23.607Z", "first_name": "Pawel", "last_name": "Rondelek", "groups": [], "user_permissions": []}}, {"model": "airport.user", "pk": 204, "fields": {"password": "pbkdf2_sha256$100000$jYoZSZN9qdrj$rKEaXpWeBG8K9O2IXDwhmdj1Uq+om7fQ9X1ITZ9AVDQ=", "last_login": null, "is_superuser": false, "username": "user204", "email": "", "is_staff": false, "is_active": true, "date_joined": "2018-06-07T00:45:23.693Z", "first_name": "Pawel", "last_name": "Nicpon", "groups": [], "user_permissions": []}}, {"model": "airport.user", "pk": 205, "fields": {"password": "pbkdf2_sha256$100000$TL5O3zLxEypB$Egl8DyvzW9LtwPEALrjOPaespgBwWneniIpPWHnAHnk=", "last_login": null, "is_superuser": false, "username": "user205", "email": "", "is_staff": false, "is_active": true, "date_joined": "2018-06-07T00:45:23.791Z", "first_name": "Pawel", "last_name": "Tenteges", "groups": [], "user_permissions": []}}, {"model": "airport.user", "pk": 206, "fields": {"password": "pbkdf2_sha256$100000$feId1Ytr6C5q$SBMistn+z2iKX+EJwKFvA1r9fcKH5S7+8i4o9HvG8H4=", "last_login": null, "is_superuser": false, "username": "user206", "email": "", "is_staff": false, "is_active": true, "date_joined": "2018-06-07T00:45:23.909Z", "first_name": "Pawel", "last_name": "Bigos", "groups": [], "user_permissions": []}}, {"model": "airport.user", "pk": 207, "fields": {"password": "pbkdf2_sha256$100000$hHpyR95JRqm4$cT4YItIZ5VfIpVRC4AvjP1T9M6Nfs7T4Nlv8trWvyDo=", "last_login": null, "is_superuser": false, "username": "user207", "email": "", "is_staff": false, "is_active": true, "date_joined": "2018-06-07T00:45:24.014Z", "first_name": "Pawel", "last_name": "Osiol", "groups": [], "user_permissions": []}}, {"model": "airport.user", "pk": 208, "fields": {"password": "pbkdf2_sha256$100000$oQOkRUJwfIhQ$VjHYKdUozk4Rd+NrHbtnRWd3vPV5v/o315TUCWCHh68=", "last_login": null, "is_superuser": false, "username": "user208", "email": "", "is_staff": false, "is_active": true, "date_joined": "2018-06-07T00:45:24.115Z", "first_name": "Pawel", "last_name": "Marchewka", "groups": [], "user_permissions": []}}, {"model": "airport.user", "pk": 209, "fields": {"password": "pbkdf2_sha256$100000$6MXHgkSioAIk$rhWCBJOM+pB5vOBaWPfAOe76Tg2+m2Rot/8mF8uHK6Y=", "last_login": null, "is_superuser": false, "username": "user209", "email": "", "is_staff": false, "is_active": true, "date_joined": "2018-06-07T00:45:24.209Z", "first_name": "Pawel", "last_name": "Radiator", "groups": [], "user_permissions": []}}, {"model": "airport.user", "pk": 210, "fields": {"password": "pbkdf2_sha256$100000$SNeQJNYeUuq8$ZbW+9IRNxACUTOeHC22Nyzulyedztwz7p+1DJuObt/Q=", "last_login": null, "is_superuser": false, "username": "user210", "email": "", "is_staff": false, "is_active": true, "date_joined": "2018-06-07T00:45:24.310Z", "first_name": "Pawel", "last_name": "Klops", "groups": [], "user_permissions": []}}, {"model": "airport.user", "pk": 211, "fields": {"password": "pbkdf2_sha256$100000$404Do6qDsRYP$Eouc+N04lfH4O3zrCjOYhBIEk4BiB60xAz6RWtJbdPo=", "last_login": "2018-06-07T00:45:57.218Z", "is_superuser": true, "username": "admin", "email": "admin@example.com", "is_staff": true, "is_active": true, "date_joined": "2018-06-07T00:45:32.098Z", "first_name": "Super", "last_name": "User", "groups": [], "user_permissions": []}}, {"model": "airport.ticket", "pk": 1, "fields": {"passenger": 1, "flight": 41}}, {"model": "airport.ticket", "pk": 2, "fields": {"passenger": 1, "flight": 24}}, {"model": "airport.ticket", "pk": 3, "fields": {"passenger": 2, "flight": 32}}, {"model": "airport.ticket", "pk": 4, "fields": {"passenger": 2, "flight": 49}}, {"model": "airport.ticket", "pk": 5, "fields": {"passenger": 3, "flight": 29}}, {"model": "airport.ticket", "pk": 6, "fields": {"passenger": 3, "flight": 53}}, {"model": "airport.ticket", "pk": 7, "fields": {"passenger": 4, "flight": 23}}, {"model": "airport.ticket", "pk": 8, "fields": {"passenger": 4, "flight": 42}}, {"model": "airport.ticket", "pk": 9, "fields": {"passenger": 5, "flight": 22}}, {"model": "airport.ticket", "pk": 10, "fields": {"passenger": 5, "flight": 2}}, {"model": "airport.ticket", "pk": 11, "fields": {"passenger": 6, "flight": 7}}, {"model": "airport.ticket", "pk": 12, "fields": {"passenger": 6, "flight": 15}}, {"model": "airport.ticket", "pk": 13, "fields": {"passenger": 7, "flight": 24}}, {"model": "airport.ticket", "pk": 14, "fields": {"passenger": 7, "flight": 32}}, {"model": "airport.ticket", "pk": 15, "fields": {"passenger": 8, "flight": 35}}, {"model": "airport.ticket", "pk": 16, "fields": {"passenger": 8, "flight": 46}}, {"model": "airport.ticket", "pk": 17, "fields": {"passenger": 9, "flight": 2}}, {"model": "airport.ticket", "pk": 18, "fields": {"passenger": 9, "flight": 58}}, {"model": "airport.ticket", "pk": 19, "fields": {"passenger": 10, "flight": 12}}, {"model": "airport.ticket", "pk": 20, "fields": {"passenger": 10, "flight": 38}}, {"model": "airport.ticket", "pk": 21, "fields": {"passenger": 11, "flight": 46}}, {"model": "airport.ticket", "pk": 22, "fields": {"passenger": 11, "flight": 50}}, {"model": "airport.ticket", "pk": 23, "fields": {"passenger": 12, "flight": 19}}, {"model": "airport.ticket", "pk": 24, "fields": {"passenger": 12, "flight": 11}}, {"model": "airport.ticket", "pk": 25, "fields": {"passenger": 13, "flight": 39}}, {"model": "airport.ticket", "pk": 26, "fields": {"passenger": 13, "flight": 17}}, {"model": "airport.ticket", "pk": 27, "fields": {"passenger": 14, "flight": 43}}, {"model": "airport.ticket", "pk": 28, "fields": {"passenger": 14, "flight": 43}}, {"model": "airport.ticket", "pk": 29, "fields": {"passenger": 15, "flight": 29}}, {"model": "airport.ticket", "pk": 30, "fields": {"passenger": 15, "flight": 18}}, {"model": "airport.ticket", "pk": 31, "fields": {"passenger": 16, "flight": 32}}, {"model": "airport.ticket", "pk": 32, "fields": {"passenger": 16, "flight": 39}}, {"model": "airport.ticket", "pk": 33, "fields": {"passenger": 17, "flight": 28}}, {"model": "airport.ticket", "pk": 34, "fields": {"passenger": 17, "flight": 42}}, {"model": "airport.ticket", "pk": 35, "fields": {"passenger": 18, "flight": 4}}, {"model": "airport.ticket", "pk": 36, "fields": {"passenger": 18, "flight": 20}}, {"model": "airport.ticket", "pk": 37, "fields": {"passenger": 19, "flight": 32}}, {"model": "airport.ticket", "pk": 38, "fields": {"passenger": 19, "flight": 29}}, {"model": "airport.ticket", "pk": 39, "fields": {"passenger": 20, "flight": 49}}, {"model": "airport.ticket", "pk": 40, "fields": {"passenger": 20, "flight": 2}}, {"model": "airport.ticket", "pk": 41, "fields": {"passenger": 21, "flight": 7}}, {"model": "airport.ticket", "pk": 42, "fields": {"passenger": 21, "flight": 34}}, {"model": "airport.ticket", "pk": 43, "fields": {"passenger": 22, "flight": 1}}, {"model": "airport.ticket", "pk": 44, "fields": {"passenger": 22, "flight": 28}}, {"model": "airport.ticket", "pk": 45, "fields": {"passenger": 23, "flight": 46}}, {"model": "airport.ticket", "pk": 46, "fields": {"passenger": 23, "flight": 44}}, {"model": "airport.ticket", "pk": 47, "fields": {"passenger": 24, "flight": 55}}, {"model": "airport.ticket", "pk": 48, "fields": {"passenger": 24, "flight": 58}}, {"model": "airport.ticket", "pk": 49, "fields": {"passenger": 25, "flight": 44}}, {"model": "airport.ticket", "pk": 50, "fields": {"passenger": 25, "flight": 54}}, {"model": "airport.ticket", "pk": 51, "fields": {"passenger": 26, "flight": 34}}, {"model": "airport.ticket", "pk": 52, "fields": {"passenger": 26, "flight": 39}}, {"model": "airport.ticket", "pk": 53, "fields": {"passenger": 27, "flight": 16}}, {"model": "airport.ticket", "pk": 54, "fields": {"passenger": 27, "flight": 57}}, {"model": "airport.ticket", "pk": 55, "fields": {"passenger": 28, "flight": 42}}, {"model": "airport.ticket", "pk": 56, "fields": {"passenger": 28, "flight": 16}}, {"model": "airport.ticket", "pk": 57, "fields": {"passenger": 29, "flight": 53}}, {"model": "airport.ticket", "pk": 58, "fields": {"passenger": 29, "flight": 38}}, {"model": "airport.ticket", "pk": 59, "fields": {"passenger": 30, "flight": 60}}, {"model": "airport.ticket", "pk": 60, "fields": {"passenger": 30, "flight": 47}}, {"model": "airport.ticket", "pk": 61, "fields": {"passenger": 31, "flight": 14}}, {"model": "airport.ticket", "pk": 62, "fields": {"passenger": 31, "flight": 3}}, {"model": "airport.ticket", "pk": 63, "fields": {"passenger": 32, "flight": 33}}, {"model": "airport.ticket", "pk": 64, "fields": {"passenger": 32, "flight": 13}}, {"model": "airport.ticket", "pk": 65, "fields": {"passenger": 33, "flight": 33}}, {"model": "airport.ticket", "pk": 66, "fields": {"passenger": 33, "flight": 31}}, {"model": "airport.ticket", "pk": 67, "fields": {"passenger": 34, "flight": 37}}, {"model": "airport.ticket", "pk": 68, "fields": {"passenger": 34, "flight": 38}}, {"model": "airport.ticket", "pk": 69, "fields": {"passenger": 35, "flight": 39}}, {"model": "airport.ticket", "pk": 70, "fields": {"passenger": 35, "flight": 28}}, {"model": "airport.ticket", "pk": 71, "fields": {"passenger": 36, "flight": 2}}, {"model": "airport.ticket", "pk": 72, "fields": {"passenger": 36, "flight": 33}}, {"model": "airport.ticket", "pk": 73, "fields": {"passenger": 37, "flight": 17}}, {"model": "airport.ticket", "pk": 74, "fields": {"passenger": 37, "flight": 45}}, {"model": "airport.ticket", "pk": 75, "fields": {"passenger": 38, "flight": 13}}, {"model": "airport.ticket", "pk": 76, "fields": {"passenger": 38, "flight": 18}}, {"model": "airport.ticket", "pk": 77, "fields": {"passenger": 39, "flight": 33}}, {"model": "airport.ticket", "pk": 78, "fields": {"passenger": 39, "flight": 4}}, {"model": "airport.ticket", "pk": 79, "fields": {"passenger": 40, "flight": 60}}, {"model": "airport.ticket", "pk": 80, "fields": {"passenger": 40, "flight": 21}}, {"model": "airport.ticket", "pk": 81, "fields": {"passenger": 41, "flight": 32}}, {"model": "airport.ticket", "pk": 82, "fields": {"passenger": 41, "flight": 21}}, {"model": "airport.ticket", "pk": 83, "fields": {"passenger": 42, "flight": 30}}, {"model": "airport.ticket", "pk": 84, "fields": {"passenger": 42, "flight": 54}}, {"model": "airport.ticket", "pk": 85, "fields": {"passenger": 43, "flight": 2}}, {"model": "airport.ticket", "pk": 86, "fields": {"passenger": 43, "flight": 16}}, {"model": "airport.ticket", "pk": 87, "fields": {"passenger": 44, "flight": 5}}, {"model": "airport.ticket", "pk": 88, "fields": {"passenger": 44, "flight": 21}}, {"model": "airport.ticket", "pk": 89, "fields": {"passenger": 45, "flight": 9}}, {"model": "airport.ticket", "pk": 90, "fields": {"passenger": 45, "flight": 23}}, {"model": "airport.ticket", "pk": 91, "fields": {"passenger": 46, "flight": 5}}, {"model": "airport.ticket", "pk": 92, "fields": {"passenger": 46, "flight": 33}}, {"model": "airport.ticket", "pk": 93, "fields": {"passenger": 47, "flight": 31}}, {"model": "airport.ticket", "pk": 94, "fields": {"passenger": 47, "flight": 41}}, {"model": "airport.ticket", "pk": 95, "fields": {"passenger": 48, "flight": 3}}, {"model": "airport.ticket", "pk": 96, "fields": {"passenger": 48, "flight": 5}}, {"model": "airport.ticket", "pk": 97, "fields": {"passenger": 49, "flight": 18}}, {"model": "airport.ticket", "pk": 98, "fields": {"passenger": 49, "flight": 60}}, {"model": "airport.ticket", "pk": 99, "fields": {"passenger": 50, "flight": 31}}, {"model": "airport.ticket", "pk": 100, "fields": {"passenger": 50, "flight": 26}}, {"model": "airport.ticket", "pk": 101, "fields": {"passenger": 51, "flight": 28}}, {"model": "airport.ticket", "pk": 102, "fields": {"passenger": 51, "flight": 17}}, {"model": "airport.ticket", "pk": 103, "fields": {"passenger": 52, "flight": 27}}, {"model": "airport.ticket", "pk": 104, "fields": {"passenger": 52, "flight": 12}}, {"model": "airport.ticket", "pk": 105, "fields": {"passenger": 53, "flight": 35}}, {"model": "airport.ticket", "pk": 106, "fields": {"passenger": 53, "flight": 30}}, {"model": "airport.ticket", "pk": 107, "fields": {"passenger": 54, "flight": 39}}, {"model": "airport.ticket", "pk": 108, "fields": {"passenger": 54, "flight": 21}}, {"model": "airport.ticket", "pk": 109, "fields": {"passenger": 55, "flight": 2}}, {"model": "airport.ticket", "pk": 110, "fields": {"passenger": 55, "flight": 12}}, {"model": "airport.ticket", "pk": 111, "fields": {"passenger": 56, "flight": 60}}, {"model": "airport.ticket", "pk": 112, "fields": {"passenger": 56, "flight": 22}}, {"model": "airport.ticket", "pk": 113, "fields": {"passenger": 57, "flight": 34}}, {"model": "airport.ticket", "pk": 114, "fields": {"passenger": 57, "flight": 17}}, {"model": "airport.ticket", "pk": 115, "fields": {"passenger": 58, "flight": 50}}, {"model": "airport.ticket", "pk": 116, "fields": {"passenger": 58, "flight": 53}}, {"model": "airport.ticket", "pk": 117, "fields": {"passenger": 59, "flight": 5}}, {"model": "airport.ticket", "pk": 118, "fields": {"passenger": 59, "flight": 60}}, {"model": "airport.ticket", "pk": 119, "fields": {"passenger": 60, "flight": 53}}, {"model": "airport.ticket", "pk": 120, "fields": {"passenger": 60, "flight": 24}}, {"model": "airport.ticket", "pk": 121, "fields": {"passenger": 61, "flight": 3}}, {"model": "airport.ticket", "pk": 122, "fields": {"passenger": 61, "flight": 40}}, {"model": "airport.ticket", "pk": 123, "fields": {"passenger": 62, "flight": 35}}, {"model": "airport.ticket", "pk": 124, "fields": {"passenger": 62, "flight": 14}}, {"model": "airport.ticket", "pk": 125, "fields": {"passenger": 63, "flight": 9}}, {"model": "airport.ticket", "pk": 126, "fields": {"passenger": 63, "flight": 44}}, {"model": "airport.ticket", "pk": 127, "fields": {"passenger": 64, "flight": 29}}, {"model": "airport.ticket", "pk": 128, "fields": {"passenger": 64, "flight": 49}}, {"model": "airport.ticket", "pk": 129, "fields": {"passenger": 65, "flight": 34}}, {"model": "airport.ticket", "pk": 130, "fields": {"passenger": 65, "flight": 20}}, {"model": "airport.ticket", "pk": 131, "fields": {"passenger": 66, "flight": 26}}, {"model": "airport.ticket", "pk": 132, "fields": {"passenger": 66, "flight": 15}}, {"model": "airport.ticket", "pk": 133, "fields": {"passenger": 67, "flight": 2}}, {"model": "airport.ticket", "pk": 134, "fields": {"passenger": 67, "flight": 21}}, {"model": "airport.ticket", "pk": 135, "fields": {"passenger": 68, "flight": 53}}, {"model": "airport.ticket", "pk": 136, "fields": {"passenger": 68, "flight": 47}}, {"model": "airport.ticket", "pk": 137, "fields": {"passenger": 69, "flight": 9}}, {"model": "airport.ticket", "pk": 138, "fields": {"passenger": 69, "flight": 15}}, {"model": "airport.ticket", "pk": 139, "fields": {"passenger": 70, "flight": 48}}, {"model": "airport.ticket", "pk": 140, "fields": {"passenger": 70, "flight": 10}}, {"model": "airport.ticket", "pk": 141, "fields": {"passenger": 71, "flight": 5}}, {"model": "airport.ticket", "pk": 142, "fields": {"passenger": 71, "flight": 17}}, {"model": "airport.ticket", "pk": 143, "fields": {"passenger": 72, "flight": 5}}, {"model": "airport.ticket", "pk": 144, "fields": {"passenger": 72, "flight": 36}}, {"model": "airport.ticket", "pk": 145, "fields": {"passenger": 73, "flight": 25}}, {"model": "airport.ticket", "pk": 146, "fields": {"passenger": 73, "flight": 41}}, {"model": "airport.ticket", "pk": 147, "fields": {"passenger": 74, "flight": 46}}, {"model": "airport.ticket", "pk": 148, "fields": {"passenger": 74, "flight": 16}}, {"model": "airport.ticket", "pk": 149, "fields": {"passenger": 75, "flight": 33}}, {"model": "airport.ticket", "pk": 150, "fields": {"passenger": 75, "flight": 23}}, {"model": "airport.ticket", "pk": 151, "fields": {"passenger": 76, "flight": 21}}, {"model": "airport.ticket", "pk": 152, "fields": {"passenger": 76, "flight": 56}}, {"model": "airport.ticket", "pk": 153, "fields": {"passenger": 77, "flight": 11}}, {"model": "airport.ticket", "pk": 154, "fields": {"passenger": 77, "flight": 57}}, {"model": "airport.ticket", "pk": 155, "fields": {"passenger": 78, "flight": 7}}, {"model": "airport.ticket", "pk": 156, "fields": {"passenger": 78, "flight": 59}}, {"model": "airport.ticket", "pk": 157, "fields": {"passenger": 79, "flight": 11}}, {"model": "airport.ticket", "pk": 158, "fields": {"passenger": 79, "flight": 23}}, {"model": "airport.ticket", "pk": 159, "fields": {"passenger": 80, "flight": 17}}, {"model": "airport.ticket", "pk": 160, "fields": {"passenger": 80, "flight": 34}}, {"model": "airport.ticket", "pk": 161, "fields": {"passenger": 81, "flight": 27}}, {"model": "airport.ticket", "pk": 162, "fields": {"passenger": 81, "flight": 22}}, {"model": "airport.ticket", "pk": 163, "fields": {"passenger": 82, "flight": 28}}, {"model": "airport.ticket", "pk": 164, "fields": {"passenger": 82, "flight": 58}}, {"model": "airport.ticket", "pk": 165, "fields": {"passenger": 83, "flight": 14}}, {"model": "airport.ticket", "pk": 166, "fields": {"passenger": 83, "flight": 16}}, {"model": "airport.ticket", "pk": 167, "fields": {"passenger": 84, "flight": 52}}, {"model": "airport.ticket", "pk": 168, "fields": {"passenger": 84, "flight": 54}}, {"model": "airport.ticket", "pk": 169, "fields": {"passenger": 85, "flight": 16}}, {"model": "airport.ticket", "pk": 170, "fields": {"passenger": 85, "flight": 26}}, {"model": "airport.ticket", "pk": 171, "fields": {"passenger": 86, "flight": 24}}, {"model": "airport.ticket", "pk": 172, "fields": {"passenger": 86, "flight": 40}}, {"model": "airport.ticket", "pk": 173, "fields": {"passenger": 87, "flight": 40}}, {"model": "airport.ticket", "pk": 174, "fields": {"passenger": 87, "flight": 44}}, {"model": "airport.ticket", "pk": 175, "fields": {"passenger": 88, "flight": 11}}, {"model": "airport.ticket", "pk": 176, "fields": {"passenger": 88, "flight": 9}}, {"model": "airport.ticket", "pk": 177, "fields": {"passenger": 89, "flight": 2}}, {"model": "airport.ticket", "pk": 178, "fields": {"passenger": 89, "flight": 40}}, {"model": "airport.ticket", "pk": 179, "fields": {"passenger": 90, "flight": 3}}, {"model": "airport.ticket", "pk": 180, "fields": {"passenger": 90, "flight": 20}}, {"model": "airport.ticket", "pk": 181, "fields": {"passenger": 91, "flight": 16}}, {"model": "airport.ticket", "pk": 182, "fields": {"passenger": 91, "flight": 31}}, {"model": "airport.ticket", "pk": 183, "fields": {"passenger": 92, "flight": 9}}, {"model": "airport.ticket", "pk": 184, "fields": {"passenger": 92, "flight": 44}}, {"model": "airport.ticket", "pk": 185, "fields": {"passenger": 93, "flight": 45}}, {"model": "airport.ticket", "pk": 186, "fields": {"passenger": 93, "flight": 52}}, {"model": "airport.ticket", "pk": 187, "fields": {"passenger": 94, "flight": 40}}, {"model": "airport.ticket", "pk": 188, "fields": {"passenger": 94, "flight": 44}}, {"model": "airport.ticket", "pk": 189, "fields": {"passenger": 95, "flight": 30}}, {"model": "airport.ticket", "pk": 190, "fields": {"passenger": 95, "flight": 33}}, {"model": "airport.ticket", "pk": 191, "fields": {"passenger": 96, "flight": 33}}, {"model": "airport.ticket", "pk": 192, "fields": {"passenger": 96, "flight": 29}}, {"model": "airport.ticket", "pk": 193, "fields": {"passenger": 97, "flight": 30}}, {"model": "airport.ticket", "pk": 194, "fields": {"passenger": 97, "flight": 14}}, {"model": "airport.ticket", "pk": 195, "fields": {"passenger": 98, "flight": 35}}, {"model": "airport.ticket", "pk": 196, "fields": {"passenger": 98, "flight": 8}}, {"model": "airport.ticket", "pk": 197, "fields": {"passenger": 99, "flight": 47}}, {"model": "airport.ticket", "pk": 198, "fields": {"passenger": 99, "flight": 19}}, {"model": "airport.ticket", "pk": 199, "fields": {"passenger": 100, "flight": 51}}, {"model": "airport.ticket", "pk": 200, "fields": {"passenger": 100, "flight": 34}}, {"model": "airport.ticket", "pk": 201, "fields": {"passenger": 101, "flight": 39}}, {"model": "airport.ticket", "pk": 202, "fields": {"passenger": 101, "flight": 57}}, {"model": "airport.ticket", "pk": 203, "fields": {"passenger": 102, "flight": 5}}, {"model": "airport.ticket", "pk": 204, "fields": {"passenger": 102, "flight": 53}}, {"model": "airport.ticket", "pk": 205, "fields": {"passenger": 103, "flight": 10}}, {"model": "airport.ticket", "pk": 206, "fields": {"passenger": 103, "flight": 52}}, {"model": "airport.ticket", "pk": 207, "fields": {"passenger": 104, "flight": 37}}, {"model": "airport.ticket", "pk": 208, "fields": {"passenger": 104, "flight": 16}}, {"model": "airport.ticket", "pk": 209, "fields": {"passenger": 105, "flight": 26}}, {"model": "airport.ticket", "pk": 210, "fields": {"passenger": 105, "flight": 45}}, {"model": "airport.ticket", "pk": 211, "fields": {"passenger": 106, "flight": 14}}, {"model": "airport.ticket", "pk": 212, "fields": {"passenger": 106, "flight": 14}}, {"model": "airport.ticket", "pk": 213, "fields": {"passenger": 107, "flight": 28}}, {"model": "airport.ticket", "pk": 214, "fields": {"passenger": 107, "flight": 45}}, {"model": "airport.ticket", "pk": 215, "fields": {"passenger": 108, "flight": 19}}, {"model": "airport.ticket", "pk": 216, "fields": {"passenger": 108, "flight": 37}}, {"model": "airport.ticket", "pk": 217, "fields": {"passenger": 109, "flight": 25}}, {"model": "airport.ticket", "pk": 218, "fields": {"passenger": 109, "flight": 58}}, {"model": "airport.ticket", "pk": 219, "fields": {"passenger": 110, "flight": 13}}, {"model": "airport.ticket", "pk": 220, "fields": {"passenger": 110, "flight": 18}}, {"model": "airport.ticket", "pk": 221, "fields": {"passenger": 111, "flight": 5}}, {"model": "airport.ticket", "pk": 222, "fields": {"passenger": 111, "flight": 33}}, {"model": "airport.ticket", "pk": 223, "fields": {"passenger": 112, "flight": 24}}, {"model": "airport.ticket", "pk": 224, "fields": {"passenger": 112, "flight": 46}}, {"model": "airport.ticket", "pk": 225, "fields": {"passenger": 113, "flight": 37}}, {"model": "airport.ticket", "pk": 226, "fields": {"passenger": 113, "flight": 50}}, {"model": "airport.ticket", "pk": 227, "fields": {"passenger": 114, "flight": 6}}, {"model": "airport.ticket", "pk": 228, "fields": {"passenger": 114, "flight": 42}}, {"model": "airport.ticket", "pk": 229, "fields": {"passenger": 115, "flight": 2}}, {"model": "airport.ticket", "pk": 230, "fields": {"passenger": 115, "flight": 8}}, {"model": "airport.ticket", "pk": 231, "fields": {"passenger": 116, "flight": 31}}, {"model": "airport.ticket", "pk": 232, "fields": {"passenger": 116, "flight": 36}}, {"model": "airport.ticket", "pk": 233, "fields": {"passenger": 117, "flight": 27}}, {"model": "airport.ticket", "pk": 234, "fields": {"passenger": 117, "flight": 16}}, {"model": "airport.ticket", "pk": 235, "fields": {"passenger": 118, "flight": 49}}, {"model": "airport.ticket", "pk": 236, "fields": {"passenger": 118, "flight": 35}}, {"model": "airport.ticket", "pk": 237, "fields": {"passenger": 119, "flight": 14}}, {"model": "airport.ticket", "pk": 238, "fields": {"passenger": 119, "flight": 46}}, {"model": "airport.ticket", "pk": 239, "fields": {"passenger": 120, "flight": 57}}, {"model": "airport.ticket", "pk": 240, "fields": {"passenger": 120, "flight": 8}}, {"model": "airport.ticket", "pk": 241, "fields": {"passenger": 121, "flight": 8}}, {"model": "airport.ticket", "pk": 242, "fields": {"passenger": 121, "flight": 10}}, {"model": "airport.ticket", "pk": 243, "fields": {"passenger": 122, "flight": 23}}, {"model": "airport.ticket", "pk": 244, "fields": {"passenger": 122, "flight": 25}}, {"model": "airport.ticket", "pk": 245, "fields": {"passenger": 123, "flight": 48}}, {"model": "airport.ticket", "pk": 246, "fields": {"passenger": 123, "flight": 15}}, {"model": "airport.ticket", "pk": 247, "fields": {"passenger": 124, "flight": 3}}, {"model": "airport.ticket", "pk": 248, "fields": {"passenger": 124, "flight": 27}}, {"model": "airport.ticket", "pk": 249, "fields": {"passenger": 125, "flight": 16}}, {"model": "airport.ticket", "pk": 250, "fields": {"passenger": 125, "flight": 32}}, {"model": "airport.ticket", "pk": 251, "fields": {"passenger": 126, "flight": 48}}, {"model": "airport.ticket", "pk": 252, "fields": {"passenger": 126, "flight": 11}}, {"model": "airport.ticket", "pk": 253, "fields": {"passenger": 127, "flight": 35}}, {"model": "airport.ticket", "pk": 254, "fields": {"passenger": 127, "flight": 35}}, {"model": "airport.ticket", "pk": 255, "fields": {"passenger": 128, "flight": 25}}, {"model": "airport.ticket", "pk": 256, "fields": {"passenger": 128, "flight": 21}}, {"model": "airport.ticket", "pk": 257, "fields": {"passenger": 129, "flight": 59}}, {"model": "airport.ticket", "pk": 258, "fields": {"passenger": 129, "flight": 44}}, {"model": "airport.ticket", "pk": 259, "fields": {"passenger": 130, "flight": 8}}, {"model": "airport.ticket", "pk": 260, "fields": {"passenger": 130, "flight": 44}}, {"model": "airport.ticket", "pk": 261, "fields": {"passenger": 131, "flight": 40}}, {"model": "airport.ticket", "pk": 262, "fields": {"passenger": 131, "flight": 7}}, {"model": "airport.ticket", "pk": 263, "fields": {"passenger": 132, "flight": 39}}, {"model": "airport.ticket", "pk": 264, "fields": {"passenger": 132, "flight": 15}}, {"model": "airport.ticket", "pk": 265, "fields": {"passenger": 133, "flight": 48}}, {"model": "airport.ticket", "pk": 266, "fields": {"passenger": 133, "flight": 7}}, {"model": "airport.ticket", "pk": 267, "fields": {"passenger": 134, "flight": 9}}, {"model": "airport.ticket", "pk": 268, "fields": {"passenger": 134, "flight": 21}}, {"model": "airport.ticket", "pk": 269, "fields": {"passenger": 135, "flight": 56}}, {"model": "airport.ticket", "pk": 270, "fields": {"passenger": 135, "flight": 60}}, {"model": "airport.ticket", "pk": 271, "fields": {"passenger": 136, "flight": 9}}, {"model": "airport.ticket", "pk": 272, "fields": {"passenger": 136, "flight": 5}}, {"model": "airport.ticket", "pk": 273, "fields": {"passenger": 137, "flight": 29}}, {"model": "airport.ticket", "pk": 274, "fields": {"passenger": 137, "flight": 45}}, {"model": "airport.ticket", "pk": 275, "fields": {"passenger": 138, "flight": 15}}, {"model": "airport.ticket", "pk": 276, "fields": {"passenger": 138, "flight": 32}}, {"model": "airport.ticket", "pk": 277, "fields": {"passenger": 139, "flight": 27}}, {"model": "airport.ticket", "pk": 278, "fields": {"passenger": 139, "flight": 31}}, {"model": "airport.ticket", "pk": 279, "fields": {"passenger": 140, "flight": 41}}, {"model": "airport.ticket", "pk": 280, "fields": {"passenger": 140, "flight": 28}}, {"model": "airport.ticket", "pk": 281, "fields": {"passenger": 141, "flight": 35}}, {"model": "airport.ticket", "pk": 282, "fields": {"passenger": 141, "flight": 44}}, {"model": "airport.ticket", "pk": 283, "fields": {"passenger": 142, "flight": 24}}, {"model": "airport.ticket", "pk": 284, "fields": {"passenger": 142, "flight": 56}}, {"model": "airport.ticket", "pk": 285, "fields": {"passenger": 143, "flight": 7}}, {"model": "airport.ticket", "pk": 286, "fields": {"passenger": 143, "flight": 32}}, {"model": "airport.ticket", "pk": 287, "fields": {"passenger": 144, "flight": 6}}, {"model": "airport.ticket", "pk": 288, "fields": {"passenger": 144, "flight": 38}}, {"model": "airport.ticket", "pk": 289, "fields": {"passenger": 145, "flight": 23}}, {"model": "airport.ticket", "pk": 290, "fields": {"passenger": 145, "flight": 7}}, {"model": "airport.ticket", "pk": 291, "fields": {"passenger": 146, "flight": 9}}, {"model": "airport.ticket", "pk": 292, "fields": {"passenger": 146, "flight": 24}}, {"model": "airport.ticket", "pk": 293, "fields": {"passenger": 147, "flight": 49}}, {"model": "airport.ticket", "pk": 294, "fields": {"passenger": 147, "flight": 37}}, {"model": "airport.ticket", "pk": 295, "fields": {"passenger": 148, "flight": 49}}, {"model": "airport.ticket", "pk": 296, "fields": {"passenger": 148, "flight": 42}}, {"model": "airport.ticket", "pk": 297, "fields": {"passenger": 149, "flight": 52}}, {"model": "airport.ticket", "pk": 298, "fields": {"passenger": 149, "flight": 19}}, {"model": "airport.ticket", "pk": 299, "fields": {"passenger": 150, "flight": 35}}, {"model": "airport.ticket", "pk": 300, "fields": {"passenger": 150, "flight": 49}}, {"model": "airport.ticket", "pk": 301, "fields": {"passenger": 151, "flight": 48}}, {"model": "airport.ticket", "pk": 302, "fields": {"passenger": 151, "flight": 57}}, {"model": "airport.ticket", "pk": 303, "fields": {"passenger": 152, "flight": 55}}, {"model": "airport.ticket", "pk": 304, "fields": {"passenger": 152, "flight": 46}}, {"model": "airport.ticket", "pk": 305, "fields": {"passenger": 153, "flight": 2}}, {"model": "airport.ticket", "pk": 306, "fields": {"passenger": 153, "flight": 32}}, {"model": "airport.ticket", "pk": 307, "fields": {"passenger": 154, "flight": 53}}, {"model": "airport.ticket", "pk": 308, "fields": {"passenger": 154, "flight": 49}}, {"model": "airport.ticket", "pk": 309, "fields": {"passenger": 155, "flight": 13}}, {"model": "airport.ticket", "pk": 310, "fields": {"passenger": 155, "flight": 34}}, {"model": "airport.ticket", "pk": 311, "fields": {"passenger": 156, "flight": 45}}, {"model": "airport.ticket", "pk": 312, "fields": {"passenger": 156, "flight": 37}}, {"model": "airport.ticket", "pk": 313, "fields": {"passenger": 157, "flight": 27}}, {"model": "airport.ticket", "pk": 314, "fields": {"passenger": 157, "flight": 10}}, {"model": "airport.ticket", "pk": 315, "fields": {"passenger": 158, "flight": 54}}, {"model": "airport.ticket", "pk": 316, "fields": {"passenger": 158, "flight": 36}}, {"model": "airport.ticket", "pk": 317, "fields": {"passenger": 159, "flight": 54}}, {"model": "airport.ticket", "pk": 318, "fields": {"passenger": 159, "flight": 33}}, {"model": "airport.ticket", "pk": 319, "fields": {"passenger": 160, "flight": 21}}, {"model": "airport.ticket", "pk": 320, "fields": {"passenger": 160, "flight": 56}}, {"model": "airport.ticket", "pk": 321, "fields": {"passenger": 161, "flight": 36}}, {"model": "airport.ticket", "pk": 322, "fields": {"passenger": 161, "flight": 54}}, {"model": "airport.ticket", "pk": 323, "fields": {"passenger": 162, "flight": 23}}, {"model": "airport.ticket", "pk": 324, "fields": {"passenger": 162, "flight": 12}}, {"model": "airport.ticket", "pk": 325, "fields": {"passenger": 163, "flight": 21}}, {"model": "airport.ticket", "pk": 326, "fields": {"passenger": 163, "flight": 4}}, {"model": "airport.ticket", "pk": 327, "fields": {"passenger": 164, "flight": 31}}, {"model": "airport.ticket", "pk": 328, "fields": {"passenger": 164, "flight": 43}}, {"model": "airport.ticket", "pk": 329, "fields": {"passenger": 165, "flight": 18}}, {"model": "airport.ticket", "pk": 330, "fields": {"passenger": 165, "flight": 2}}, {"model": "airport.ticket", "pk": 331, "fields": {"passenger": 166, "flight": 57}}, {"model": "airport.ticket", "pk": 332, "fields": {"passenger": 166, "flight": 8}}, {"model": "airport.ticket", "pk": 333, "fields": {"passenger": 167, "flight": 57}}, {"model": "airport.ticket", "pk": 334, "fields": {"passenger": 167, "flight": 29}}, {"model": "airport.ticket", "pk": 335, "fields": {"passenger": 168, "flight": 56}}, {"model": "airport.ticket", "pk": 336, "fields": {"passenger": 168, "flight": 31}}, {"model": "airport.ticket", "pk": 337, "fields": {"passenger": 169, "flight": 25}}, {"model": "airport.ticket", "pk": 338, "fields": {"passenger": 169, "flight": 31}}, {"model": "airport.ticket", "pk": 339, "fields": {"passenger": 170, "flight": 10}}, {"model": "airport.ticket", "pk": 340, "fields": {"passenger": 170, "flight": 26}}, {"model": "airport.ticket", "pk": 341, "fields": {"passenger": 171, "flight": 35}}, {"model": "airport.ticket", "pk": 342, "fields": {"passenger": 171, "flight": 14}}, {"model": "airport.ticket", "pk": 343, "fields": {"passenger": 172, "flight": 50}}, {"model": "airport.ticket", "pk": 344, "fields": {"passenger": 172, "flight": 40}}, {"model": "airport.ticket", "pk": 345, "fields": {"passenger": 173, "flight": 54}}, {"model": "airport.ticket", "pk": 346, "fields": {"passenger": 173, "flight": 41}}, {"model": "airport.ticket", "pk": 347, "fields": {"passenger": 174, "flight": 15}}, {"model": "airport.ticket", "pk": 348, "fields": {"passenger": 174, "flight": 30}}, {"model": "airport.ticket", "pk": 349, "fields": {"passenger": 175, "flight": 43}}, {"model": "airport.ticket", "pk": 350, "fields": {"passenger": 175, "flight": 44}}, {"model": "airport.ticket", "pk": 351, "fields": {"passenger": 176, "flight": 49}}, {"model": "airport.ticket", "pk": 352, "fields": {"passenger": 176, "flight": 45}}, {"model": "airport.ticket", "pk": 353, "fields": {"passenger": 177, "flight": 29}}, {"model": "airport.ticket", "pk": 354, "fields": {"passenger": 177, "flight": 50}}, {"model": "airport.ticket", "pk": 355, "fields": {"passenger": 178, "flight": 22}}, {"model": "airport.ticket", "pk": 356, "fields": {"passenger": 178, "flight": 28}}, {"model": "airport.ticket", "pk": 357, "fields": {"passenger": 179, "flight": 40}}, {"model": "airport.ticket", "pk": 358, "fields": {"passenger": 179, "flight": 54}}, {"model": "airport.ticket", "pk": 359, "fields": {"passenger": 180, "flight": 48}}, {"model": "airport.ticket", "pk": 360, "fields": {"passenger": 180, "flight": 32}}, {"model": "airport.ticket", "pk": 361, "fields": {"passenger": 181, "flight": 36}}, {"model": "airport.ticket", "pk": 362, "fields": {"passenger": 181, "flight": 40}}, {"model": "airport.ticket", "pk": 363, "fields": {"passenger": 182, "flight": 5}}, {"model": "airport.ticket", "pk": 364, "fields": {"passenger": 182, "flight": 5}}, {"model": "airport.ticket", "pk": 365, "fields": {"passenger": 183, "flight": 47}}, {"model": "airport.ticket", "pk": 366, "fields": {"passenger": 183, "flight": 52}}, {"model": "airport.ticket", "pk": 367, "fields": {"passenger": 184, "flight": 33}}, {"model": "airport.ticket", "pk": 368, "fields": {"passenger": 184, "flight": 23}}, {"model": "airport.ticket", "pk": 369, "fields": {"passenger": 185, "flight": 47}}, {"model": "airport.ticket", "pk": 370, "fields": {"passenger": 185, "flight": 54}}, {"model": "airport.ticket", "pk": 371, "fields": {"passenger": 186, "flight": 37}}, {"model": "airport.ticket", "pk": 372, "fields": {"passenger": 186, "flight": 30}}, {"model": "airport.ticket", "pk": 373, "fields": {"passenger": 187, "flight": 16}}, {"model": "airport.ticket", "pk": 374, "fields": {"passenger": 187, "flight": 18}}, {"model": "airport.ticket", "pk": 375, "fields": {"passenger": 188, "flight": 17}}, {"model": "airport.ticket", "pk": 376, "fields": {"passenger": 188, "flight": 27}}, {"model": "airport.ticket", "pk": 377, "fields": {"passenger": 189, "flight": 3}}, {"model": "airport.ticket", "pk": 378, "fields": {"passenger": 189, "flight": 18}}, {"model": "airport.ticket", "pk": 379, "fields": {"passenger": 190, "flight": 30}}, {"model": "airport.ticket", "pk": 380, "fields": {"passenger": 190, "flight": 17}}, {"model": "airport.ticket", "pk": 381, "fields": {"passenger": 191, "flight": 51}}, {"model": "airport.ticket", "pk": 382, "fields": {"passenger": 191, "flight": 39}}, {"model": "airport.ticket", "pk": 383, "fields": {"passenger": 192, "flight": 2}}, {"model": "airport.ticket", "pk": 384, "fields": {"passenger": 192, "flight": 35}}, {"model": "airport.ticket", "pk": 385, "fields": {"passenger": 193, "flight": 49}}, {"model": "airport.ticket", "pk": 386, "fields": {"passenger": 193, "flight": 49}}, {"model": "airport.ticket", "pk": 387, "fields": {"passenger": 194, "flight": 45}}, {"model": "airport.ticket", "pk": 388, "fields": {"passenger": 194, "flight": 37}}, {"model": "airport.ticket", "pk": 389, "fields": {"passenger": 195, "flight": 2}}, {"model": "airport.ticket", "pk": 390, "fields": {"passenger": 195, "flight": 50}}, {"model": "airport.ticket", "pk": 391, "fields": {"passenger": 196, "flight": 42}}, {"model": "airport.ticket", "pk": 392, "fields": {"passenger": 196, "flight": 8}}, {"model": "airport.ticket", "pk": 393, "fields": {"passenger": 197, "flight": 18}}, {"model": "airport.ticket", "pk": 394, "fields": {"passenger": 197, "flight": 35}}, {"model": "airport.ticket", "pk": 395, "fields": {"passenger": 198, "flight": 42}}, {"model": "airport.ticket", "pk": 396, "fields": {"passenger": 198, "flight": 38}}, {"model": "airport.ticket", "pk": 397, "fields": {"passenger": 199, "flight": 11}}, {"model": "airport.ticket", "pk": 398, "fields": {"passenger": 199, "flight": 25}}, {"model": "airport.ticket", "pk": 399, "fields": {"passenger": 200, "flight": 51}}, {"model": "airport.ticket", "pk": 400, "fields": {"passenger": 200, "flight": 32}}, {"model": "airport.ticket", "pk": 401, "fields": {"passenger": 201, "flight": 53}}, {"model": "airport.ticket", "pk": 402, "fields": {"passenger": 201, "flight": 15}}, {"model": "airport.ticket", "pk": 403, "fields": {"passenger": 202, "flight": 2}}, {"model": "airport.ticket", "pk": 404, "fields": {"passenger": 202, "flight": 60}}, {"model": "airport.ticket", "pk": 405, "fields": {"passenger": 203, "flight": 7}}, {"model": "airport.ticket", "pk": 406, "fields": {"passenger": 203, "flight": 15}}, {"model": "airport.ticket", "pk": 407, "fields": {"passenger": 204, "flight": 24}}, {"model": "airport.ticket", "pk": 408, "fields": {"passenger": 204, "flight": 57}}, {"model": "airport.ticket", "pk": 409, "fields": {"passenger": 205, "flight": 15}}, {"model": "airport.ticket", "pk": 410, "fields": {"passenger": 205, "flight": 34}}, {"model": "airport.ticket", "pk": 411, "fields": {"passenger": 206, "flight": 15}}, {"model": "airport.ticket", "pk": 412, "fields": {"passenger": 206, "flight": 12}}, {"model": "airport.ticket", "pk": 413, "fields": {"passenger": 207, "flight": 23}}, {"model": "airport.ticket", "pk": 414, "fields": {"passenger": 207, "flight": 26}}, {"model": "airport.ticket", "pk": 415, "fields": {"passenger": 208, "flight": 21}}, {"model": "airport.ticket", "pk": 416, "fields": {"passenger": 208, "flight": 48}}, {"model": "airport.ticket", "pk": 417, "fields": {"passenger": 209, "flight": 3}}, {"model": "airport.ticket", "pk": 418, "fields": {"passenger": 209, "flight": 17}}, {"model": "airport.ticket", "pk": 419, "fields": {"passenger": 210, "flight": 13}}, {"model": "airport.ticket", "pk": 420, "fields": {"passenger": 210, "flight": 2}}]